Date,Area,SKU,Sales_Value,Units,Promo_Type
2024-01-01,North,SKU-001,1146.43,39,None
2024-01-01,North,SKU-002,721.25,11,None
2024-01-01,North,SKU-003,4645.78,87,Flash Sale
2024-01-01,North,SKU-004,2765.43,108,None
2024-01-01,North,SKU-005,4140.56,164,Flash Sale
2024-01-01,North,SKU-006,2210.52,55,BOGO
2024-01-01,North,SKU-007,2440.19,44,BOGO
2024-01-01,North,SKU-008,5423.43,108,None
2024-01-01,North,SKU-009,1914.82,56,Flash Sale
2024-01-01,North,SKU-010,6525.44,107,BOGO
2024-01-01,South,SKU-001,1503.08,23,None
2024-01-01,South,SKU-002,804.06,11,None
2024-01-01,South,SKU-003,4766.16,84,Flash Sale
2024-01-01,South,SKU-004,3468.55,91,BOGO
2024-01-01,South,SKU-005,3522.31,59,Discount
2024-01-01,South,SKU-006,1714.72,65,None
2024-01-01,South,SKU-007,1622.21,40,Discount
2024-01-01,South,SKU-008,7467.31,107,Discount
2024-01-01,South,SKU-009,1080.64,63,None
2024-01-01,South,SKU-010,6079.37,314,BOGO
2024-01-01,East,SKU-001,1999.51,42,BOGO
2024-01-01,East,SKU-002,784.46,32,Bundle
2024-01-01,East,SKU-003,4235.02,98,Discount
2024-01-01,East,SKU-004,4498.56,56,Flash Sale
2024-01-01,East,SKU-005,2336.87,111,None
2024-01-01,East,SKU-006,1880.32,75,None
2024-01-01,East,SKU-007,1495.44,35,None
2024-01-01,East,SKU-008,4738.06,88,None
2024-01-01,East,SKU-009,1593.95,20,Bundle
2024-01-01,East,SKU-010,4241.28,188,None
2024-01-01,West,SKU-001,2189.19,58,Discount
2024-01-01,West,SKU-002,959.88,21,Discount
2024-01-01,West,SKU-003,4581.7,71,Discount
2024-01-01,West,SKU-004,2877.41,83,None
2024-01-01,West,SKU-005,2806.61,43,Discount
2024-01-01,West,SKU-006,1708.03,36,None
2024-01-01,West,SKU-007,1568.83,21,None
2024-01-01,West,SKU-008,6229.08,203,Discount
2024-01-01,West,SKU-009,1011.12,21,None
2024-01-01,West,SKU-010,4712.36,94,None
2024-01-02,North,SKU-001,1202.12,26,None
2024-01-02,North,SKU-002,637.84,8,None
2024-01-02,North,SKU-003,6202.28,82,Flash Sale
2024-01-02,North,SKU-004,3807.24,93,Discount
2024-01-02,North,SKU-005,3632.57,74,BOGO
2024-01-02,North,SKU-006,1477.32,77,None
2024-01-02,North,SKU-007,1386.3,46,None
2024-01-02,North,SKU-008,5583.04,91,Discount
2024-01-02,North,SKU-009,1080.59,14,None
2024-01-02,North,SKU-010,5243.08,172,BOGO
2024-01-02,South,SKU-001,1625.78,68,Bundle
2024-01-02,South,SKU-002,821.12,17,Bundle
2024-01-02,South,SKU-003,4582.95,215,Flash Sale
2024-01-02,South,SKU-004,4483.9,107,Flash Sale
2024-01-02,South,SKU-005,2489.44,31,None
2024-01-02,South,SKU-006,1354.23,21,None
2024-01-02,South,SKU-007,1204.38,44,None
2024-01-02,South,SKU-008,5527.75,205,Bundle
2024-01-02,South,SKU-009,1417.92,18,Bundle
2024-01-02,South,SKU-010,5776.44,81,Bundle
2024-01-02,East,SKU-001,1158.17,14,None
2024-01-02,East,SKU-002,836.07,11,None
2024-01-02,East,SKU-003,3339.76,71,Discount
2024-01-02,East,SKU-004,4020.14,54,Discount
2024-01-02,East,SKU-005,2215.3,28,None
2024-01-02,East,SKU-006,2692.63,40,Discount
2024-01-02,East,SKU-007,1816.87,23,Discount
2024-01-02,East,SKU-008,5565.5,162,Bundle
2024-01-02,East,SKU-009,1250.39,24,None
2024-01-02,East,SKU-010,5208.41,98,BOGO
2024-01-02,West,SKU-001,1161.73,24,None
2024-01-02,West,SKU-002,582.5,29,None
2024-01-02,West,SKU-003,3705.85,48,Discount
2024-01-02,West,SKU-004,3619.15,205,Discount
2024-01-02,West,SKU-005,2252.78,42,None
2024-01-02,West,SKU-006,3085.9,109,BOGO
2024-01-02,West,SKU-007,1918.46,47,BOGO
2024-01-02,West,SKU-008,6834.82,90,Discount
2024-01-02,West,SKU-009,974.12,17,None
2024-01-02,West,SKU-010,3280.73,113,None
2024-01-03,North,SKU-001,1686.18,44,Discount
2024-01-03,North,SKU-002,810.8,20,None
2024-01-03,North,SKU-003,2684.93,53,None
2024-01-03,North,SKU-004,3665.12,46,Discount
2024-01-03,North,SKU-005,2484.31,48,None
2024-01-03,North,SKU-006,1931.46,81,None
2024-01-03,North,SKU-007,1547.73,24,None
2024-01-03,North,SKU-008,4514.7,83,None
2024-01-03,North,SKU-009,1709.29,30,BOGO
2024-01-03,North,SKU-010,5550.38,177,Discount
2024-01-03,South,SKU-001,1181.73,27,None
2024-01-03,South,SKU-002,805.86,21,Discount
2024-01-03,South,SKU-003,2903.99,90,None
2024-01-03,South,SKU-004,3325.15,77,Bundle
2024-01-03,South,SKU-005,1966.58,25,None
2024-01-03,South,SKU-006,1672.96,24,None
2024-01-03,South,SKU-007,1301.39,73,None
2024-01-03,South,SKU-008,9215.51,138,BOGO
2024-01-03,South,SKU-009,1405.4,49,None
2024-01-03,South,SKU-010,5908.22,155,Discount
2024-01-03,East,SKU-001,3191.28,50,Flash Sale
2024-01-03,East,SKU-002,1129.34,14,Discount
2024-01-03,East,SKU-003,3173.02,191,None
2024-01-03,East,SKU-004,4462.5,106,BOGO
2024-01-03,East,SKU-005,2955.19,44,Discount
2024-01-03,East,SKU-006,1565.81,89,None
2024-01-03,East,SKU-007,1547.44,22,Bundle
2024-01-03,East,SKU-008,6068.79,88,Bundle
2024-01-03,East,SKU-009,1508.74,26,Discount
2024-01-03,East,SKU-010,7000.06,98,Flash Sale
2024-01-03,West,SKU-001,1859.1,38,Discount
2024-01-03,West,SKU-002,1324.3,58,BOGO
2024-01-03,West,SKU-003,3358.65,43,Discount
2024-01-03,West,SKU-004,2860.41,53,Discount
2024-01-03,West,SKU-005,4065.31,114,BOGO
2024-01-03,West,SKU-006,1567.55,29,None
2024-01-03,West,SKU-007,1532.96,35,Discount
2024-01-03,West,SKU-008,6576.13,336,Discount
2024-01-03,West,SKU-009,2034.73,35,BOGO
2024-01-03,West,SKU-010,4303.74,124,None
2024-01-04,North,SKU-001,2108.77,58,Discount
2024-01-04,North,SKU-002,1007.05,36,Discount
2024-01-04,North,SKU-003,5601.7,76,Flash Sale
2024-01-04,North,SKU-004,3376.59,48,Discount
2024-01-04,North,SKU-005,2981.4,69,Discount
2024-01-04,North,SKU-006,2591.98,59,BOGO
2024-01-04,North,SKU-007,1882.98,28,Discount
2024-01-04,North,SKU-008,5282.6,157,None
2024-01-04,North,SKU-009,1623.8,21,BOGO
2024-01-04,North,SKU-010,5921.2,200,Discount
2024-01-04,South,SKU-001,1697.96,94,Discount
2024-01-04,South,SKU-002,955.94,14,Bundle
2024-01-04,South,SKU-003,3456.42,61,Bundle
2024-01-04,South,SKU-004,3814.82,95,Discount
2024-01-04,South,SKU-005,3970.24,68,Flash Sale
2024-01-04,South,SKU-006,1901.06,26,None
2024-01-04,South,SKU-007,1488.12,50,None
2024-01-04,South,SKU-008,5295.39,169,Bundle
2024-01-04,South,SKU-009,1190.89,17,None
2024-01-04,South,SKU-010,7469.03,102,BOGO
2024-01-04,East,SKU-001,3037.54,60,Flash Sale
2024-01-04,East,SKU-002,772.61,16,None
2024-01-04,East,SKU-003,4242.36,60,Discount
2024-01-04,East,SKU-004,3881.43,79,Discount
2024-01-04,East,SKU-005,2965.35,147,Discount
2024-01-04,East,SKU-006,2055.91,55,Discount
2024-01-04,East,SKU-007,1145.31,38,None
2024-01-04,East,SKU-008,5377.11,280,None
2024-01-04,East,SKU-009,2147.02,47,Flash Sale
2024-01-04,East,SKU-010,3492.09,82,None
2024-01-04,West,SKU-001,1613.48,24,None
2024-01-04,West,SKU-002,1325.28,17,Flash Sale
2024-01-04,West,SKU-003,4244.98,60,Discount
2024-01-04,West,SKU-004,4834.19,77,Flash Sale
2024-01-04,West,SKU-005,3243.86,99,Discount
2024-01-04,West,SKU-006,1733.52,47,Bundle
2024-01-04,West,SKU-007,2772.24,39,Flash Sale
2024-01-04,West,SKU-008,5922.1,119,None
2024-01-04,West,SKU-009,2387.44,41,Flash Sale
2024-01-04,West,SKU-010,4181.89,175,None
2024-01-05,North,SKU-001,1601.91,50,Bundle
2024-01-05,North,SKU-002,996.49,27,BOGO
2024-01-05,North,SKU-003,4766.75,62,Flash Sale
2024-01-05,North,SKU-004,4289.59,211,Flash Sale
2024-01-05,North,SKU-005,2559.89,139,None
2024-01-05,North,SKU-006,2338.81,120,BOGO
2024-01-05,North,SKU-007,1475.17,19,None
2024-01-05,North,SKU-008,7897.37,142,Discount
2024-01-05,North,SKU-009,1443.11,24,Discount
2024-01-05,North,SKU-010,5460.94,172,Discount
2024-01-05,South,SKU-001,1958.99,35,BOGO
2024-01-05,South,SKU-002,782.23,30,None
2024-01-05,South,SKU-003,3250.01,194,Discount
2024-01-05,South,SKU-004,3614.77,48,Discount
2024-01-05,South,SKU-005,4240.35,68,Flash Sale
2024-01-05,South,SKU-006,1703.53,24,None
2024-01-05,South,SKU-007,1576.09,24,Discount
2024-01-05,South,SKU-008,5555.54,107,None
2024-01-05,South,SKU-009,1137.92,26,None
2024-01-05,South,SKU-010,5238.27,91,BOGO
2024-01-05,East,SKU-001,1609.44,23,None
2024-01-05,East,SKU-002,685.28,17,None
2024-01-05,East,SKU-003,3875.67,89,Bundle
2024-01-05,East,SKU-004,3671.07,49,Discount
2024-01-05,East,SKU-005,2983.88,43,Bundle
2024-01-05,East,SKU-006,2136.71,69,Discount
2024-01-05,East,SKU-007,1220.59,27,None
2024-01-05,East,SKU-008,6637.51,113,Bundle
2024-01-05,East,SKU-009,1573.62,22,BOGO
2024-01-05,East,SKU-010,3936.3,103,None
2024-01-05,West,SKU-001,1850.55,25,Discount
2024-01-05,West,SKU-002,1007.6,20,Discount
2024-01-05,West,SKU-003,3215.35,52,Discount
2024-01-05,West,SKU-004,3329.7,108,Bundle
2024-01-05,West,SKU-005,3203.02,68,Bundle
2024-01-05,West,SKU-006,1375.55,46,None
2024-01-05,West,SKU-007,1729.29,32,Discount
2024-01-05,West,SKU-008,6595.21,176,Bundle
2024-01-05,West,SKU-009,1824.25,41,BOGO
2024-01-05,West,SKU-010,4987.67,218,Discount
2024-01-06,North,SKU-001,2197.14,34,Discount
2024-01-06,North,SKU-002,740.57,11,None
2024-01-06,North,SKU-003,5040.53,64,Discount
2024-01-06,North,SKU-004,5019.28,72,Discount
2024-01-06,North,SKU-005,3484.71,130,Discount
2024-01-06,North,SKU-006,2135.65,91,None
2024-01-06,North,SKU-007,1911.64,37,None
2024-01-06,North,SKU-008,6289.1,98,None
2024-01-06,North,SKU-009,1671.23,31,None
2024-01-06,North,SKU-010,6118.82,164,Bundle
2024-01-06,South,SKU-001,1526.64,21,None
2024-01-06,South,SKU-002,953.65,23,None
2024-01-06,South,SKU-003,3405.38,57,None
2024-01-06,South,SKU-004,2585.23,50,None
2024-01-06,South,SKU-005,3262.09,104,Discount
2024-01-06,South,SKU-006,3905.35,58,Flash Sale
2024-01-06,South,SKU-007,2497.59,62,Discount
2024-01-06,South,SKU-008,7120.43,133,Bundle
2024-01-06,South,SKU-009,2548.24,46,Flash Sale
2024-01-06,South,SKU-010,5597.12,196,None
2024-01-06,East,SKU-001,2148.84,105,Discount
2024-01-06,East,SKU-002,1028.41,51,Discount
2024-01-06,East,SKU-003,3182.71,53,None
2024-01-06,East,SKU-004,3582.94,119,Bundle
2024-01-06,East,SKU-005,4228.6,94,Discount
2024-01-06,East,SKU-006,3228.28,48,Discount
2024-01-06,East,SKU-007,2182.16,43,Discount
2024-01-06,East,SKU-008,6934.12,100,None
2024-01-06,East,SKU-009,1198.22,18,None
2024-01-06,East,SKU-010,6484.32,142,Discount
2024-01-06,West,SKU-001,2561.68,33,Discount
2024-01-06,West,SKU-002,1070.9,19,Bundle
2024-01-06,West,SKU-003,6865.69,126,Flash Sale
2024-01-06,West,SKU-004,2515.62,32,None
2024-01-06,West,SKU-005,3351.84,57,None
2024-01-06,West,SKU-006,2844.42,44,Discount
2024-01-06,West,SKU-007,1587.84,27,None
2024-01-06,West,SKU-008,7281.43,137,Discount
2024-01-06,West,SKU-009,2245.46,49,Bundle
2024-01-06,West,SKU-010,8418.28,143,Flash Sale
2024-01-07,North,SKU-001,1579.05,26,None
2024-01-07,North,SKU-002,1259.64,30,Discount
2024-01-07,North,SKU-003,3243.91,91,None
2024-01-07,North,SKU-004,4072.32,62,BOGO
2024-01-07,North,SKU-005,2969.78,59,None
2024-01-07,North,SKU-006,3078.05,63,Flash Sale
2024-01-07,North,SKU-007,2193.62,34,Bundle
2024-01-07,North,SKU-008,7567.03,321,Discount
2024-01-07,North,SKU-009,1985.76,32,Discount
2024-01-07,North,SKU-010,3852.58,68,None
2024-01-07,South,SKU-001,2571.22,73,Discount
2024-01-07,South,SKU-002,862.46,40,None
2024-01-07,South,SKU-003,3252.66,143,None
2024-01-07,South,SKU-004,3005.25,48,None
2024-01-07,South,SKU-005,3778.83,81,Discount
2024-01-07,South,SKU-006,2300.34,45,Bundle
2024-01-07,South,SKU-007,2675.1,49,Flash Sale
2024-01-07,South,SKU-008,6828.3,207,None
2024-01-07,South,SKU-009,2586.37,39,Flash Sale
2024-01-07,South,SKU-010,7498.24,224,Discount
2024-01-07,East,SKU-001,2692.38,51,Discount
2024-01-07,East,SKU-002,1258.7,28,Bundle
2024-01-07,East,SKU-003,4028.62,79,Bundle
2024-01-07,East,SKU-004,5611.62,156,Flash Sale
2024-01-07,East,SKU-005,4663.17,152,Discount
2024-01-07,East,SKU-006,3346.81,51,Flash Sale
2024-01-07,East,SKU-007,1489.94,32,None
2024-01-07,East,SKU-008,10808.71,185,Flash Sale
2024-01-07,East,SKU-009,1451.68,83,None
2024-01-07,East,SKU-010,8718.75,121,BOGO
2024-01-07,West,SKU-001,1850.03,24,Bundle
2024-01-07,West,SKU-002,919.97,22,None
2024-01-07,West,SKU-003,2741.76,41,None
2024-01-07,West,SKU-004,3938.21,65,Discount
2024-01-07,West,SKU-005,3186.68,45,None
2024-01-07,West,SKU-006,4426.53,79,Flash Sale
2024-01-07,West,SKU-007,2399.98,138,Bundle
2024-01-07,West,SKU-008,5328.05,89,None
2024-01-07,West,SKU-009,2441.3,38,Discount
2024-01-07,West,SKU-010,10745.46,166,Flash Sale
2024-01-08,North,SKU-001,1380.19,22,None
2024-01-08,North,SKU-002,576.15,8,None
2024-01-08,North,SKU-003,3636.0,84,Discount
2024-01-08,North,SKU-004,3552.14,68,Discount
2024-01-08,North,SKU-005,2020.69,100,None
2024-01-08,North,SKU-006,3271.18,106,Flash Sale
2024-01-08,North,SKU-007,1195.56,21,None
2024-01-08,North,SKU-008,5825.15,373,Bundle
2024-01-08,North,SKU-009,1828.46,30,Bundle
2024-01-08,North,SKU-010,3281.68,42,None
2024-01-08,South,SKU-001,2086.66,49,Discount
2024-01-08,South,SKU-002,968.58,27,Discount
2024-01-08,South,SKU-003,5969.98,272,Flash Sale
2024-01-08,South,SKU-004,4898.38,93,Flash Sale
2024-01-08,South,SKU-005,2635.96,38,Discount
2024-01-08,South,SKU-006,2840.1,54,Flash Sale
2024-01-08,South,SKU-007,1558.93,24,None
2024-01-08,South,SKU-008,7720.78,257,Discount
2024-01-08,South,SKU-009,1721.24,62,BOGO
2024-01-08,South,SKU-010,5932.21,95,Discount
2024-01-08,East,SKU-001,1484.43,20,None
2024-01-08,East,SKU-002,650.2,14,None
2024-01-08,East,SKU-003,4814.2,230,BOGO
2024-01-08,East,SKU-004,3265.22,77,Discount
2024-01-08,East,SKU-005,2779.65,55,Discount
2024-01-08,East,SKU-006,2661.24,35,BOGO
2024-01-08,East,SKU-007,1208.83,17,None
2024-01-08,East,SKU-008,7664.28,224,Bundle
2024-01-08,East,SKU-009,2175.19,47,BOGO
2024-01-08,East,SKU-010,3387.53,43,None
2024-01-08,West,SKU-001,3184.24,47,Flash Sale
2024-01-08,West,SKU-002,941.81,23,BOGO
2024-01-08,West,SKU-003,3910.58,87,Discount
2024-01-08,West,SKU-004,3627.07,52,Discount
2024-01-08,West,SKU-005,3141.27,104,BOGO
2024-01-08,West,SKU-006,1721.57,22,None
2024-01-08,West,SKU-007,2498.26,85,BOGO
2024-01-08,West,SKU-008,5236.02,115,None
2024-01-08,West,SKU-009,1798.09,79,Discount
2024-01-08,West,SKU-010,4662.16,134,None
2024-01-09,North,SKU-001,1553.74,51,Bundle
2024-01-09,North,SKU-002,672.64,17,None
2024-01-09,North,SKU-003,5413.44,86,Flash Sale
2024-01-09,North,SKU-004,5056.46,73,Flash Sale
2024-01-09,North,SKU-005,5200.01,156,Flash Sale
2024-01-09,North,SKU-006,2331.5,53,BOGO
2024-01-09,North,SKU-007,2141.13,99,Discount
2024-01-09,North,SKU-008,8088.55,102,BOGO
2024-01-09,North,SKU-009,1598.33,48,BOGO
2024-01-09,North,SKU-010,4666.51,68,None
2024-01-09,South,SKU-001,1503.93,26,None
2024-01-09,South,SKU-002,577.44,15,None
2024-01-09,South,SKU-003,3069.02,108,None
2024-01-09,South,SKU-004,3629.63,53,Discount
2024-01-09,South,SKU-005,3035.7,123,Discount
2024-01-09,South,SKU-006,1496.63,18,None
2024-01-09,South,SKU-007,1360.54,20,None
2024-01-09,South,SKU-008,5286.99,317,None
2024-01-09,South,SKU-009,1143.28,17,None
2024-01-09,South,SKU-010,5103.64,158,BOGO
2024-01-09,East,SKU-001,1548.52,31,None
2024-01-09,East,SKU-002,697.31,10,None
2024-01-09,East,SKU-003,2700.15,91,None
2024-01-09,East,SKU-004,2733.79,36,None
2024-01-09,East,SKU-005,3204.5,41,Discount
2024-01-09,East,SKU-006,1970.67,28,None
2024-01-09,East,SKU-007,2733.48,58,Flash Sale
2024-01-09,East,SKU-008,5355.49,264,Bundle
2024-01-09,East,SKU-009,1001.44,30,None
2024-01-09,East,SKU-010,6028.07,111,BOGO
2024-01-09,West,SKU-001,1940.2,35,Discount
2024-01-09,West,SKU-002,786.54,35,None
2024-01-09,West,SKU-003,3746.39,51,Discount
2024-01-09,West,SKU-004,4454.64,100,Flash Sale
2024-01-09,West,SKU-005,4829.45,136,Flash Sale
2024-01-09,West,SKU-006,2802.41,71,BOGO
2024-01-09,West,SKU-007,1439.06,31,None
2024-01-09,West,SKU-008,5626.16,267,None
2024-01-09,West,SKU-009,1330.58,33,None
2024-01-09,West,SKU-010,4045.2,76,None
2024-01-10,North,SKU-001,2412.84,57,BOGO
2024-01-10,North,SKU-002,1534.54,24,Flash Sale
2024-01-10,North,SKU-003,4009.0,105,Discount
2024-01-10,North,SKU-004,3023.86,65,Discount
2024-01-10,North,SKU-005,2188.43,42,None
2024-01-10,North,SKU-006,1815.58,34,None
2024-01-10,North,SKU-007,2895.34,36,Flash Sale
2024-01-10,North,SKU-008,5183.55,89,None
2024-01-10,North,SKU-009,1377.09,42,Discount
2024-01-10,North,SKU-010,6472.26,171,Discount
2024-01-10,South,SKU-001,1620.9,31,None
2024-01-10,South,SKU-002,1107.31,17,Flash Sale
2024-01-10,South,SKU-003,2303.44,46,None
2024-01-10,South,SKU-004,4608.72,124,Flash Sale
2024-01-10,South,SKU-005,3444.15,95,BOGO
2024-01-10,South,SKU-006,1894.93,75,None
2024-01-10,South,SKU-007,1432.18,43,None
2024-01-10,South,SKU-008,9383.17,214,Flash Sale
2024-01-10,South,SKU-009,1503.75,31,Discount
2024-01-10,South,SKU-010,6152.15,184,BOGO
2024-01-10,East,SKU-001,1855.38,52,Bundle
2024-01-10,East,SKU-002,944.31,17,Discount
2024-01-10,East,SKU-003,2427.51,31,None
2024-01-10,East,SKU-004,2770.79,81,None
2024-01-10,East,SKU-005,1869.6,29,None
2024-01-10,East,SKU-006,1399.3,28,None
2024-01-10,East,SKU-007,1874.8,27,Discount
2024-01-10,East,SKU-008,6586.88,92,BOGO
2024-01-10,East,SKU-009,1181.08,26,None
2024-01-10,East,SKU-010,4529.0,86,None
2024-01-10,West,SKU-001,2907.62,68,Flash Sale
2024-01-10,West,SKU-002,677.26,8,None
2024-01-10,West,SKU-003,3084.82,55,None
2024-01-10,West,SKU-004,3349.03,47,BOGO
2024-01-10,West,SKU-005,3175.34,77,Discount
2024-01-10,West,SKU-006,1574.5,44,None
2024-01-10,West,SKU-007,1903.8,29,BOGO
2024-01-10,West,SKU-008,4987.83,222,None
2024-01-10,West,SKU-009,1972.31,52,Discount
2024-01-10,West,SKU-010,3538.67,144,None
2024-01-11,North,SKU-001,1718.63,68,Discount
2024-01-11,North,SKU-002,613.08,9,None
2024-01-11,North,SKU-003,3527.3,68,Bundle
2024-01-11,North,SKU-004,3493.84,48,Bundle
2024-01-11,North,SKU-005,4267.5,76,BOGO
2024-01-11,North,SKU-006,1603.41,35,None
2024-01-11,North,SKU-007,2096.8,39,Discount
2024-01-11,North,SKU-008,7970.52,226,BOGO
2024-01-11,North,SKU-009,1284.18,32,Bundle
2024-01-11,North,SKU-010,4600.71,64,Discount
2024-01-11,South,SKU-001,1476.96,30,None
2024-01-11,South,SKU-002,944.61,12,Bundle
2024-01-11,South,SKU-003,2697.65,39,None
2024-01-11,South,SKU-004,3257.94,70,Discount
2024-01-11,South,SKU-005,2754.23,62,None
2024-01-11,South,SKU-006,3136.04,153,BOGO
2024-01-11,South,SKU-007,1092.16,17,None
2024-01-11,South,SKU-008,6519.27,119,Bundle
2024-01-11,South,SKU-009,1840.57,55,BOGO
2024-01-11,South,SKU-010,8341.59,141,Flash Sale
2024-01-11,East,SKU-001,1575.36,27,None
2024-01-11,East,SKU-002,656.04,12,None
2024-01-11,East,SKU-003,4779.08,77,Flash Sale
2024-01-11,East,SKU-004,2338.96,44,None
2024-01-11,East,SKU-005,2716.07,77,None
2024-01-11,East,SKU-006,2658.38,43,Flash Sale
2024-01-11,East,SKU-007,1237.01,31,None
2024-01-11,East,SKU-008,8942.78,152,BOGO
2024-01-11,East,SKU-009,1282.79,30,None
2024-01-11,East,SKU-010,5109.84,145,BOGO
2024-01-11,West,SKU-001,1851.65,28,Discount
2024-01-11,West,SKU-002,877.79,36,Discount
2024-01-11,West,SKU-003,2528.13,38,None
2024-01-11,West,SKU-004,2668.32,37,None
2024-01-11,West,SKU-005,2418.56,96,None
2024-01-11,West,SKU-006,1860.76,28,None
2024-01-11,West,SKU-007,1457.47,81,None
2024-01-11,West,SKU-008,8507.84,279,BOGO
2024-01-11,West,SKU-009,1645.3,25,Bundle
2024-01-11,West,SKU-010,4595.61,150,Bundle
2024-01-12,North,SKU-001,2132.21,77,Bundle
2024-01-12,North,SKU-002,901.17,27,Bundle
2024-01-12,North,SKU-003,5236.78,124,Flash Sale
2024-01-12,North,SKU-004,2823.65,42,None
2024-01-12,North,SKU-005,2675.34,145,None
2024-01-12,North,SKU-006,2455.53,48,Bundle
2024-01-12,North,SKU-007,1452.23,29,None
2024-01-12,North,SKU-008,4539.96,70,None
2024-01-12,North,SKU-009,1662.4,34,Discount
2024-01-12,North,SKU-010,6288.86,84,Flash Sale
2024-01-12,South,SKU-001,2118.01,28,Bundle
2024-01-12,South,SKU-002,1098.57,23,Flash Sale
2024-01-12,South,SKU-003,3678.7,181,Discount
2024-01-12,South,SKU-004,2846.28,37,Discount
2024-01-12,South,SKU-005,4158.93,173,BOGO
2024-01-12,South,SKU-006,2684.24,58,Discount
2024-01-12,South,SKU-007,1477.64,32,None
2024-01-12,South,SKU-008,5773.36,355,None
2024-01-12,South,SKU-009,1924.15,37,Discount
2024-01-12,South,SKU-010,6347.41,188,Flash Sale
2024-01-12,East,SKU-001,1677.79,55,Discount
2024-01-12,East,SKU-002,755.15,10,Bundle
2024-01-12,East,SKU-003,3717.39,231,Bundle
2024-01-12,East,SKU-004,3815.1,112,Discount
2024-01-12,East,SKU-005,2434.91,79,None
2024-01-12,East,SKU-006,2731.26,46,Flash Sale
2024-01-12,East,SKU-007,1771.92,36,BOGO
2024-01-12,East,SKU-008,4749.35,104,None
2024-01-12,East,SKU-009,2745.9,87,Flash Sale
2024-01-12,East,SKU-010,3729.87,192,None
2024-01-12,West,SKU-001,2160.99,38,Discount
2024-01-12,West,SKU-002,961.23,25,BOGO
2024-01-12,West,SKU-003,4957.18,187,BOGO
2024-01-12,West,SKU-004,3884.37,84,Bundle
2024-01-12,West,SKU-005,2618.07,137,None
2024-01-12,West,SKU-006,1740.32,61,Bundle
2024-01-12,West,SKU-007,2163.88,60,Discount
2024-01-12,West,SKU-008,6996.59,88,Discount
2024-01-12,West,SKU-009,1420.13,22,Bundle
2024-01-12,West,SKU-010,5064.56,71,Discount
2024-01-13,North,SKU-001,1942.32,53,None
2024-01-13,North,SKU-002,945.95,21,None
2024-01-13,North,SKU-003,6887.72,94,Flash Sale
2024-01-13,North,SKU-004,5345.8,196,Flash Sale
2024-01-13,North,SKU-005,3438.98,51,Bundle
2024-01-13,North,SKU-006,3092.74,49,Discount
2024-01-13,North,SKU-007,1562.2,19,None
2024-01-13,North,SKU-008,6068.82,169,None
2024-01-13,North,SKU-009,1354.29,39,None
2024-01-13,North,SKU-010,6424.69,150,Bundle
2024-01-13,South,SKU-001,2071.92,116,Bundle
2024-01-13,South,SKU-002,1413.78,32,BOGO
2024-01-13,South,SKU-003,2742.04,48,None
2024-01-13,South,SKU-004,4836.71,75,BOGO
2024-01-13,South,SKU-005,3299.56,135,None
2024-01-13,South,SKU-006,2086.14,107,Bundle
2024-01-13,South,SKU-007,2429.12,31,BOGO
2024-01-13,South,SKU-008,6210.96,105,None
2024-01-13,South,SKU-009,2207.91,34,BOGO
2024-01-13,South,SKU-010,4803.14,117,None
2024-01-13,East,SKU-001,2134.58,95,Discount
2024-01-13,East,SKU-002,844.48,21,None
2024-01-13,East,SKU-003,2988.8,93,None
2024-01-13,East,SKU-004,3463.02,63,Bundle
2024-01-13,East,SKU-005,3196.14,134,Bundle
2024-01-13,East,SKU-006,1933.78,26,None
2024-01-13,East,SKU-007,2504.32,37,Bundle
2024-01-13,East,SKU-008,10176.89,166,BOGO
2024-01-13,East,SKU-009,2354.89,33,Discount
2024-01-13,East,SKU-010,5304.89,110,None
2024-01-13,West,SKU-001,2023.2,30,None
2024-01-13,West,SKU-002,1320.09,79,Discount
2024-01-13,West,SKU-003,5216.85,66,BOGO
2024-01-13,West,SKU-004,3141.86,152,None
2024-01-13,West,SKU-005,3751.72,60,Discount
2024-01-13,West,SKU-006,2589.42,39,Bundle
2024-01-13,West,SKU-007,1365.99,38,None
2024-01-13,West,SKU-008,5841.13,98,None
2024-01-13,West,SKU-009,1981.09,28,BOGO
2024-01-13,West,SKU-010,5255.69,224,None
2024-01-14,North,SKU-001,1919.0,39,None
2024-01-14,North,SKU-002,1024.07,28,Discount
2024-01-14,North,SKU-003,4340.18,56,Discount
2024-01-14,North,SKU-004,4792.64,153,Discount
2024-01-14,North,SKU-005,3324.65,95,Discount
2024-01-14,North,SKU-006,1973.63,76,None
2024-01-14,North,SKU-007,1395.47,25,None
2024-01-14,North,SKU-008,10843.27,209,BOGO
2024-01-14,North,SKU-009,1210.77,15,None
2024-01-14,North,SKU-010,7047.85,108,Discount
2024-01-14,South,SKU-001,3371.45,198,Flash Sale
2024-01-14,South,SKU-002,1249.85,36,Discount
2024-01-14,South,SKU-003,5188.72,87,Discount
2024-01-14,South,SKU-004,4131.85,69,Discount
2024-01-14,South,SKU-005,2726.11,58,None
2024-01-14,South,SKU-006,2583.8,106,Discount
2024-01-14,South,SKU-007,2811.72,39,BOGO
2024-01-14,South,SKU-008,9652.17,246,Flash Sale
2024-01-14,South,SKU-009,1349.17,29,None
2024-01-14,South,SKU-010,6512.08,269,Discount
2024-01-14,East,SKU-001,1552.21,38,None
2024-01-14,East,SKU-002,1443.5,20,Flash Sale
2024-01-14,East,SKU-003,3717.84,49,None
2024-01-14,East,SKU-004,4214.57,166,BOGO
2024-01-14,East,SKU-005,3629.88,103,Bundle
2024-01-14,East,SKU-006,1648.3,40,None
2024-01-14,East,SKU-007,2478.77,85,Bundle
2024-01-14,East,SKU-008,7814.93,234,BOGO
2024-01-14,East,SKU-009,1728.68,111,Bundle
2024-01-14,East,SKU-010,4616.04,63,None
2024-01-14,West,SKU-001,2997.17,77,BOGO
2024-01-14,West,SKU-002,1316.94,25,Flash Sale
2024-01-14,West,SKU-003,5398.29,272,BOGO
2024-01-14,West,SKU-004,4322.82,130,Bundle
2024-01-14,West,SKU-005,2378.65,111,None
2024-01-14,West,SKU-006,3526.67,95,BOGO
2024-01-14,West,SKU-007,2833.07,101,BOGO
2024-01-14,West,SKU-008,11325.11,631,Flash Sale
2024-01-14,West,SKU-009,1578.66,23,None
2024-01-14,West,SKU-010,5304.75,72,Bundle
2024-01-15,North,SKU-001,1314.84,23,None
2024-01-15,North,SKU-002,673.86,12,None
2024-01-15,North,SKU-003,3998.69,83,Discount
2024-01-15,North,SKU-004,3529.81,102,Bundle
2024-01-15,North,SKU-005,2205.41,37,None
2024-01-15,North,SKU-006,3226.22,48,Flash Sale
2024-01-15,North,SKU-007,1390.9,43,None
2024-01-15,North,SKU-008,7569.63,143,Discount
2024-01-15,North,SKU-009,1223.75,19,None
2024-01-15,North,SKU-010,6457.42,108,Flash Sale
2024-01-15,South,SKU-001,1452.99,24,None
2024-01-15,South,SKU-002,795.95,22,Discount
2024-01-15,South,SKU-003,2657.15,94,None
2024-01-15,South,SKU-004,3743.63,59,Bundle
2024-01-15,South,SKU-005,2519.62,51,None
2024-01-15,South,SKU-006,3152.59,68,BOGO
2024-01-15,South,SKU-007,2354.57,89,Flash Sale
2024-01-15,South,SKU-008,8094.3,137,BOGO
2024-01-15,South,SKU-009,1771.51,64,Discount
2024-01-15,South,SKU-010,5048.82,146,Discount
2024-01-15,East,SKU-001,2191.22,36,Discount
2024-01-15,East,SKU-002,848.22,22,Bundle
2024-01-15,East,SKU-003,3527.04,67,Discount
2024-01-15,East,SKU-004,5515.15,135,Flash Sale
2024-01-15,East,SKU-005,4402.13,65,BOGO
2024-01-15,East,SKU-006,1878.86,24,Discount
2024-01-15,East,SKU-007,1256.71,28,None
2024-01-15,East,SKU-008,7641.78,264,Discount
2024-01-15,East,SKU-009,1990.7,33,Discount
2024-01-15,East,SKU-010,3337.64,52,None
2024-01-15,West,SKU-001,1773.16,30,Discount
2024-01-15,West,SKU-002,1039.98,56,Discount
2024-01-15,West,SKU-003,4875.63,106,Flash Sale
2024-01-15,West,SKU-004,2009.99,39,None
2024-01-15,West,SKU-005,2241.31,29,None
2024-01-15,West,SKU-006,2116.63,75,Bundle
2024-01-15,West,SKU-007,1740.5,30,Discount
2024-01-15,West,SKU-008,5269.59,175,None
2024-01-15,West,SKU-009,1412.33,53,None
2024-01-15,West,SKU-010,4642.64,267,None
2024-01-16,North,SKU-001,2991.82,110,Flash Sale
2024-01-16,North,SKU-002,1134.13,72,Discount
2024-01-16,North,SKU-003,3224.81,87,None
2024-01-16,North,SKU-004,3895.16,77,Bundle
2024-01-16,North,SKU-005,3497.62,147,Bundle
2024-01-16,North,SKU-006,1941.82,28,Bundle
2024-01-16,North,SKU-007,1853.17,41,BOGO
2024-01-16,North,SKU-008,7561.84,475,Discount
2024-01-16,North,SKU-009,2164.74,41,BOGO
2024-01-16,North,SKU-010,4819.5,68,Discount
2024-01-16,South,SKU-001,3033.7,62,Flash Sale
2024-01-16,South,SKU-002,676.07,31,None
2024-01-16,South,SKU-003,2728.17,35,None
2024-01-16,South,SKU-004,2266.21,74,None
2024-01-16,South,SKU-005,3851.12,111,Discount
2024-01-16,South,SKU-006,1486.29,38,None
2024-01-16,South,SKU-007,1546.26,68,Discount
2024-01-16,South,SKU-008,6007.3,100,Discount
2024-01-16,South,SKU-009,1825.95,32,Discount
2024-01-16,South,SKU-010,5244.96,178,Discount
2024-01-16,East,SKU-001,1399.68,31,None
2024-01-16,East,SKU-002,1088.48,21,BOGO
2024-01-16,East,SKU-003,3947.31,58,Bundle
2024-01-16,East,SKU-004,3875.88,65,Discount
2024-01-16,East,SKU-005,2351.75,47,None
2024-01-16,East,SKU-006,2185.17,42,BOGO
2024-01-16,East,SKU-007,1515.09,20,None
2024-01-16,East,SKU-008,7156.02,289,Discount
2024-01-16,East,SKU-009,2214.17,50,BOGO
2024-01-16,East,SKU-010,6018.95,128,Discount
2024-01-16,West,SKU-001,2062.25,46,Bundle
2024-01-16,West,SKU-002,1314.49,70,Flash Sale
2024-01-16,West,SKU-003,3826.23,109,Bundle
2024-01-16,West,SKU-004,2401.7,35,None
2024-01-16,West,SKU-005,3361.29,187,Discount
2024-01-16,West,SKU-006,2839.51,56,BOGO
2024-01-16,West,SKU-007,1571.76,80,None
2024-01-16,West,SKU-008,5247.65,126,Bundle
2024-01-16,West,SKU-009,1340.87,17,None
2024-01-16,West,SKU-010,7138.96,97,Flash Sale
2024-01-17,North,SKU-001,2106.99,28,Bundle
2024-01-17,North,SKU-002,1113.02,14,Flash Sale
2024-01-17,North,SKU-003,2922.07,77,None
2024-01-17,North,SKU-004,3000.03,73,None
2024-01-17,North,SKU-005,2540.18,86,None
2024-01-17,North,SKU-006,1811.36,23,None
2024-01-17,North,SKU-007,1861.5,36,Bundle
2024-01-17,North,SKU-008,10657.96,342,Flash Sale
2024-01-17,North,SKU-009,1671.68,61,BOGO
2024-01-17,North,SKU-010,3215.78,55,None
2024-01-17,South,SKU-001,1265.53,65,None
2024-01-17,South,SKU-002,688.92,11,None
2024-01-17,South,SKU-003,2471.9,138,None
2024-01-17,South,SKU-004,2911.61,99,Bundle
2024-01-17,South,SKU-005,1992.89,25,None
2024-01-17,South,SKU-006,2590.75,41,Discount
2024-01-17,South,SKU-007,2208.79,33,BOGO
2024-01-17,South,SKU-008,7110.85,98,BOGO
2024-01-17,South,SKU-009,1638.13,49,Discount
2024-01-17,South,SKU-010,4155.37,97,None
2024-01-17,East,SKU-001,1502.9,40,Bundle
2024-01-17,East,SKU-002,1490.52,41,Flash Sale
2024-01-17,East,SKU-003,5038.75,146,Flash Sale
2024-01-17,East,SKU-004,2761.03,60,None
2024-01-17,East,SKU-005,2999.42,49,Discount
2024-01-17,East,SKU-006,2490.24,48,Bundle
2024-01-17,East,SKU-007,2602.4,109,Flash Sale
2024-01-17,East,SKU-008,6272.32,171,Discount
2024-01-17,East,SKU-009,1416.7,20,None
2024-01-17,East,SKU-010,4012.39,58,None
2024-01-17,West,SKU-001,1281.23,21,None
2024-01-17,West,SKU-002,809.21,29,None
2024-01-17,West,SKU-003,3822.43,53,Discount
2024-01-17,West,SKU-004,3693.95,49,BOGO
2024-01-17,West,SKU-005,3829.12,49,Discount
2024-01-17,West,SKU-006,1805.25,28,None
2024-01-17,West,SKU-007,2021.29,33,Discount
2024-01-17,West,SKU-008,11004.37,216,Flash Sale
2024-01-17,West,SKU-009,1615.8,32,Discount
2024-01-17,West,SKU-010,5844.56,152,BOGO
2024-01-18,North,SKU-001,1810.64,26,Bundle
2024-01-18,North,SKU-002,1010.98,28,Bundle
2024-01-18,North,SKU-003,3654.87,87,Discount
2024-01-18,North,SKU-004,3846.96,239,Discount
2024-01-18,North,SKU-005,4060.84,146,Flash Sale
2024-01-18,North,SKU-006,2189.64,31,Discount
2024-01-18,North,SKU-007,1775.96,23,Bundle
2024-01-18,North,SKU-008,7175.77,104,BOGO
2024-01-18,North,SKU-009,1550.91,24,Bundle
2024-01-18,North,SKU-010,5492.23,88,BOGO
2024-01-18,South,SKU-001,1603.62,22,Bundle
2024-01-18,South,SKU-002,710.74,10,None
2024-01-18,South,SKU-003,3243.24,55,None
2024-01-18,South,SKU-004,2418.18,34,None
2024-01-18,South,SKU-005,2695.97,108,Discount
2024-01-18,South,SKU-006,2305.47,58,Discount
2024-01-18,South,SKU-007,1851.61,115,Bundle
2024-01-18,South,SKU-008,7594.58,153,Flash Sale
2024-01-18,South,SKU-009,1721.06,51,Discount
2024-01-18,South,SKU-010,8436.91,113,Flash Sale
2024-01-18,East,SKU-001,1648.11,33,None
2024-01-18,East,SKU-002,864.15,17,Discount
2024-01-18,East,SKU-003,3994.84,97,BOGO
2024-01-18,East,SKU-004,4746.24,105,BOGO
2024-01-18,East,SKU-005,3898.31,131,Discount
2024-01-18,East,SKU-006,1744.04,24,None
2024-01-18,East,SKU-007,1121.28,28,None
2024-01-18,East,SKU-008,5310.62,340,Bundle
2024-01-18,East,SKU-009,1009.69,14,None
2024-01-18,East,SKU-010,6496.34,91,BOGO
2024-01-18,West,SKU-001,1634.98,21,None
2024-01-18,West,SKU-002,871.83,12,Discount
2024-01-18,West,SKU-003,3251.21,43,Bundle
2024-01-18,West,SKU-004,4068.78,78,Discount
2024-01-18,West,SKU-005,2029.41,28,None
2024-01-18,West,SKU-006,1946.28,36,None
2024-01-18,West,SKU-007,2980.54,86,Flash Sale
2024-01-18,West,SKU-008,7139.32,101,Discount
2024-01-18,West,SKU-009,1849.1,29,BOGO
2024-01-18,West,SKU-010,3957.25,50,None
2024-01-19,North,SKU-001,1184.77,39,None
2024-01-19,North,SKU-002,659.11,10,None
2024-01-19,North,SKU-003,6211.81,171,Flash Sale
2024-01-19,North,SKU-004,3906.32,88,Discount
2024-01-19,North,SKU-005,3071.22,40,Discount
2024-01-19,North,SKU-006,2729.29,51,Flash Sale
2024-01-19,North,SKU-007,2122.49,38,Flash Sale
2024-01-19,North,SKU-008,7546.57,371,Discount
2024-01-19,North,SKU-009,1153.82,17,None
2024-01-19,North,SKU-010,4335.23,121,None
2024-01-19,South,SKU-001,1181.29,15,None
2024-01-19,South,SKU-002,863.92,26,Bundle
2024-01-19,South,SKU-003,2298.53,53,None
2024-01-19,South,SKU-004,4005.85,192,Flash Sale
2024-01-19,South,SKU-005,2418.26,36,None
2024-01-19,South,SKU-006,2512.77,59,Flash Sale
2024-01-19,South,SKU-007,1459.43,28,None
2024-01-19,South,SKU-008,7153.96,274,Discount
2024-01-19,South,SKU-009,1998.37,61,Flash Sale
2024-01-19,South,SKU-010,5523.17,288,Discount
2024-01-19,East,SKU-001,2442.38,70,Flash Sale
2024-01-19,East,SKU-002,664.89,8,None
2024-01-19,East,SKU-003,3713.19,133,Bundle
2024-01-19,East,SKU-004,2140.61,138,None
2024-01-19,East,SKU-005,4126.35,74,Flash Sale
2024-01-19,East,SKU-006,2565.94,59,BOGO
2024-01-19,East,SKU-007,1232.11,22,None
2024-01-19,East,SKU-008,6895.42,259,Discount
2024-01-19,East,SKU-009,2734.55,80,Flash Sale
2024-01-19,East,SKU-010,6105.04,92,Bundle
2024-01-19,West,SKU-001,2147.19,31,BOGO
2024-01-19,West,SKU-002,1265.38,16,Flash Sale
2024-01-19,West,SKU-003,3996.38,79,Discount
2024-01-19,West,SKU-004,2960.09,65,None
2024-01-19,West,SKU-005,3178.96,93,Discount
2024-01-19,West,SKU-006,1852.62,27,None
2024-01-19,West,SKU-007,2720.13,113,Flash Sale
2024-01-19,West,SKU-008,6236.23,107,Discount
2024-01-19,West,SKU-009,2569.07,129,Flash Sale
2024-01-19,West,SKU-010,5311.99,106,Bundle
2024-01-20,North,SKU-001,3275.56,49,Flash Sale
2024-01-20,North,SKU-002,1460.7,21,BOGO
2024-01-20,North,SKU-003,2787.41,89,None
2024-01-20,North,SKU-004,4169.35,76,BOGO
2024-01-20,North,SKU-005,6298.94,172,Flash Sale
2024-01-20,North,SKU-006,3155.58,147,Flash Sale
2024-01-20,North,SKU-007,2259.13,46,Discount
2024-01-20,North,SKU-008,8163.58,201,Discount
2024-01-20,North,SKU-009,1364.21,82,None
2024-01-20,North,SKU-010,4358.75,58,None
2024-01-20,South,SKU-001,1434.19,18,None
2024-01-20,South,SKU-002,793.55,21,None
2024-01-20,South,SKU-003,4664.1,123,Discount
2024-01-20,South,SKU-004,2932.82,48,None
2024-01-20,South,SKU-005,3695.91,206,BOGO
2024-01-20,South,SKU-006,1595.09,42,None
2024-01-20,South,SKU-007,1720.65,66,None
2024-01-20,South,SKU-008,8397.94,165,Discount
2024-01-20,South,SKU-009,2382.75,30,BOGO
2024-01-20,South,SKU-010,7437.64,132,Discount
2024-01-20,East,SKU-001,1789.61,41,None
2024-01-20,East,SKU-002,925.02,12,None
2024-01-20,East,SKU-003,4453.07,110,Bundle
2024-01-20,East,SKU-004,3714.61,58,Discount
2024-01-20,East,SKU-005,2880.03,43,None
2024-01-20,East,SKU-006,1865.76,67,None
2024-01-20,East,SKU-007,1454.06,20,None
2024-01-20,East,SKU-008,9906.55,180,BOGO
2024-01-20,East,SKU-009,1365.93,19,None
2024-01-20,East,SKU-010,5342.95,87,None
2024-01-20,West,SKU-001,2769.43,51,Discount
2024-01-20,West,SKU-002,781.67,25,None
2024-01-20,West,SKU-003,2884.76,48,None
2024-01-20,West,SKU-004,5526.82,230,Flash Sale
2024-01-20,West,SKU-005,5144.44,110,Flash Sale
2024-01-20,West,SKU-006,2014.91,43,None
2024-01-20,West,SKU-007,1405.69,20,None
2024-01-20,West,SKU-008,6831.86,88,None
2024-01-20,West,SKU-009,1615.84,23,Bundle
2024-01-20,West,SKU-010,5947.05,126,Bundle
2024-01-21,North,SKU-001,2192.76,107,Bundle
2024-01-21,North,SKU-002,944.78,32,None
2024-01-21,North,SKU-003,3006.08,60,None
2024-01-21,North,SKU-004,3344.9,64,None
2024-01-21,North,SKU-005,3703.92,165,Bundle
2024-01-21,North,SKU-006,1788.55,35,None
2024-01-21,North,SKU-007,2614.12,40,BOGO
2024-01-21,North,SKU-008,7892.19,99,Bundle
2024-01-21,North,SKU-009,1591.69,27,None
2024-01-21,North,SKU-010,6108.3,76,Discount
2024-01-21,South,SKU-001,1993.74,28,Bundle
2024-01-21,South,SKU-002,824.21,10,None
2024-01-21,South,SKU-003,4088.31,64,Discount
2024-01-21,South,SKU-004,5506.4,100,BOGO
2024-01-21,South,SKU-005,4598.67,191,Flash Sale
2024-01-21,South,SKU-006,3106.41,46,Discount
2024-01-21,South,SKU-007,2604.08,48,BOGO
2024-01-21,South,SKU-008,5539.96,91,None
2024-01-21,South,SKU-009,2095.4,27,Discount
2024-01-21,South,SKU-010,4055.23,63,None
2024-01-21,East,SKU-001,3758.63,47,Flash Sale
2024-01-21,East,SKU-002,912.87,38,None
2024-01-21,East,SKU-003,3582.95,52,None
2024-01-21,East,SKU-004,5689.59,108,Flash Sale
2024-01-21,East,SKU-005,4110.99,104,Discount
2024-01-21,East,SKU-006,2076.98,28,None
2024-01-21,East,SKU-007,1544.36,24,None
2024-01-21,East,SKU-008,9363.82,200,BOGO
2024-01-21,East,SKU-009,1669.02,23,None
2024-01-21,East,SKU-010,5185.71,115,None
2024-01-21,West,SKU-001,3090.7,46,BOGO
2024-01-21,West,SKU-002,1423.95,33,Flash Sale
2024-01-21,West,SKU-003,4615.26,128,Discount
2024-01-21,West,SKU-004,3936.85,74,Discount
2024-01-21,West,SKU-005,4050.49,55,Bundle
2024-01-21,West,SKU-006,1613.51,28,None
2024-01-21,West,SKU-007,1684.68,22,Bundle
2024-01-21,West,SKU-008,5820.42,386,None
2024-01-21,West,SKU-009,2434.32,40,Flash Sale
2024-01-21,West,SKU-010,5472.85,158,None
2024-01-22,North,SKU-001,1655.25,43,Discount
2024-01-22,North,SKU-002,667.91,9,None
2024-01-22,North,SKU-003,2259.43,40,None
2024-01-22,North,SKU-004,3409.09,162,Discount
2024-01-22,North,SKU-005,1863.41,40,None
2024-01-22,North,SKU-006,1704.57,34,None
2024-01-22,North,SKU-007,1399.03,23,Bundle
2024-01-22,North,SKU-008,5936.87,139,None
2024-01-22,North,SKU-009,1201.19,40,None
2024-01-22,North,SKU-010,4321.16,199,None
2024-01-22,South,SKU-001,2139.52,62,BOGO
2024-01-22,South,SKU-002,1483.91,23,Flash Sale
2024-01-22,South,SKU-003,2908.9,49,None
2024-01-22,South,SKU-004,2536.58,163,None
2024-01-22,South,SKU-005,2272.22,36,None
2024-01-22,South,SKU-006,1918.95,34,None
2024-01-22,South,SKU-007,1991.33,96,Bundle
2024-01-22,South,SKU-008,4251.78,184,None
2024-01-22,South,SKU-009,2166.05,50,Flash Sale
2024-01-22,South,SKU-010,3556.9,62,None
2024-01-22,East,SKU-001,2019.02,37,Discount
2024-01-22,East,SKU-002,1095.58,18,Discount
2024-01-22,East,SKU-003,3400.09,62,Discount
2024-01-22,East,SKU-004,3856.21,112,Discount
2024-01-22,East,SKU-005,2592.28,38,None
2024-01-22,East,SKU-006,2295.5,102,Discount
2024-01-22,East,SKU-007,1836.84,93,Bundle
2024-01-22,East,SKU-008,5934.34,78,None
2024-01-22,East,SKU-009,1157.14,16,None
2024-01-22,East,SKU-010,7111.75,119,Flash Sale
2024-01-22,West,SKU-001,2169.28,33,Bundle
2024-01-22,West,SKU-002,728.6,45,None
2024-01-22,West,SKU-003,3144.76,166,Discount
2024-01-22,West,SKU-004,4773.99,85,Flash Sale
2024-01-22,West,SKU-005,4287.98,104,Flash Sale
2024-01-22,West,SKU-006,1496.75,42,None
2024-01-22,West,SKU-007,2230.26,88,Discount
2024-01-22,West,SKU-008,7599.85,135,BOGO
2024-01-22,West,SKU-009,1119.97,25,None
2024-01-22,West,SKU-010,4559.0,221,Discount
2024-01-23,North,SKU-001,2270.71,41,Flash Sale
2024-01-23,North,SKU-002,650.3,10,None
2024-01-23,North,SKU-003,2333.93,38,None
2024-01-23,North,SKU-004,2169.03,28,None
2024-01-23,North,SKU-005,2825.03,121,Discount
2024-01-23,North,SKU-006,2514.52,110,Discount
2024-01-23,North,SKU-007,1250.63,29,None
2024-01-23,North,SKU-008,4496.03,57,None
2024-01-23,North,SKU-009,1210.13,25,None
2024-01-23,North,SKU-010,3955.38,76,None
2024-01-23,South,SKU-001,1949.52,29,BOGO
2024-01-23,South,SKU-002,627.52,13,None
2024-01-23,South,SKU-003,3147.99,199,None
2024-01-23,South,SKU-004,2477.7,62,None
2024-01-23,South,SKU-005,2029.05,26,None
2024-01-23,South,SKU-006,1677.74,22,None
2024-01-23,South,SKU-007,2263.76,72,Flash Sale
2024-01-23,South,SKU-008,7220.06,359,BOGO
2024-01-23,South,SKU-009,1643.98,27,BOGO
2024-01-23,South,SKU-010,3448.59,51,None
2024-01-23,East,SKU-001,1668.46,85,None
2024-01-23,East,SKU-002,1049.2,16,Bundle
2024-01-23,East,SKU-003,3587.95,70,Discount
2024-01-23,East,SKU-004,2374.6,69,None
2024-01-23,East,SKU-005,3571.53,116,Discount
2024-01-23,East,SKU-006,2725.21,57,BOGO
2024-01-23,East,SKU-007,2048.91,40,Discount
2024-01-23,East,SKU-008,5981.84,79,Discount
2024-01-23,East,SKU-009,1082.56,28,None
2024-01-23,East,SKU-010,4669.65,309,None
2024-01-23,West,SKU-001,3057.33,49,Flash Sale
2024-01-23,West,SKU-002,620.98,7,None
2024-01-23,West,SKU-003,5214.02,275,Flash Sale
2024-01-23,West,SKU-004,2718.16,129,None
2024-01-23,West,SKU-005,3777.14,77,Discount
2024-01-23,West,SKU-006,2585.12,40,BOGO
2024-01-23,West,SKU-007,1341.91,23,None
2024-01-23,West,SKU-008,7832.32,150,Flash Sale
2024-01-23,West,SKU-009,2452.43,104,Flash Sale
2024-01-23,West,SKU-010,5008.91,141,Discount
2024-01-24,North,SKU-001,2898.2,46,Flash Sale
2024-01-24,North,SKU-002,1105.11,36,BOGO
2024-01-24,North,SKU-003,3293.2,50,Discount
2024-01-24,North,SKU-004,2160.58,84,None
2024-01-24,North,SKU-005,2801.28,122,Bundle
2024-01-24,North,SKU-006,3117.37,109,BOGO
2024-01-24,North,SKU-007,1847.12,26,Discount
2024-01-24,North,SKU-008,4286.75,71,None
2024-01-24,North,SKU-009,1073.84,15,None
2024-01-24,North,SKU-010,3309.14,106,None
2024-01-24,South,SKU-001,2165.44,119,BOGO
2024-01-24,South,SKU-002,891.05,11,Discount
2024-01-24,South,SKU-003,3250.85,46,None
2024-01-24,South,SKU-004,2939.65,135,Discount
2024-01-24,South,SKU-005,1975.5,103,None
2024-01-24,South,SKU-006,1960.43,28,Discount
2024-01-24,South,SKU-007,2302.04,30,BOGO
2024-01-24,South,SKU-008,5130.56,161,None
2024-01-24,South,SKU-009,980.17,51,None
2024-01-24,South,SKU-010,5779.06,275,Bundle
2024-01-24,East,SKU-001,1918.09,25,BOGO
2024-01-24,East,SKU-002,610.51,11,None
2024-01-24,East,SKU-003,5222.6,130,Flash Sale
2024-01-24,East,SKU-004,4138.24,142,Flash Sale
2024-01-24,East,SKU-005,2118.46,48,None
2024-01-24,East,SKU-006,1337.17,24,None
2024-01-24,East,SKU-007,1985.04,41,Discount
2024-01-24,East,SKU-008,5323.18,160,Bundle
2024-01-24,East,SKU-009,1172.85,20,None
2024-01-24,East,SKU-010,5828.07,86,Discount
2024-01-24,West,SKU-001,1688.42,25,None
2024-01-24,West,SKU-002,1117.25,16,BOGO
2024-01-24,West,SKU-003,5131.9,107,BOGO
2024-01-24,West,SKU-004,4324.18,259,Flash Sale
2024-01-24,West,SKU-005,2645.56,39,Discount
2024-01-24,West,SKU-006,1894.07,23,Discount
2024-01-24,West,SKU-007,2371.07,29,BOGO
2024-01-24,West,SKU-008,4172.55,72,None
2024-01-24,West,SKU-009,1719.67,25,Discount
2024-01-24,West,SKU-010,4373.83,57,None
2024-01-25,North,SKU-001,2526.99,36,Flash Sale
2024-01-25,North,SKU-002,612.79,11,None
2024-01-25,North,SKU-003,5134.2,305,BOGO
2024-01-25,North,SKU-004,4727.41,91,BOGO
2024-01-25,North,SKU-005,3698.14,54,Discount
2024-01-25,North,SKU-006,2171.89,82,Bundle
2024-01-25,North,SKU-007,1119.54,37,None
2024-01-25,North,SKU-008,5618.47,121,Discount
2024-01-25,North,SKU-009,2263.35,80,BOGO
2024-01-25,North,SKU-010,3704.02,139,None
2024-01-25,South,SKU-001,1861.18,75,BOGO
2024-01-25,South,SKU-002,781.26,11,None
2024-01-25,South,SKU-003,5216.27,132,BOGO
2024-01-25,South,SKU-004,4925.22,133,Flash Sale
2024-01-25,South,SKU-005,3183.14,126,BOGO
2024-01-25,South,SKU-006,3486.12,45,Flash Sale
2024-01-25,South,SKU-007,1863.2,23,BOGO
2024-01-25,South,SKU-008,7067.4,132,BOGO
2024-01-25,South,SKU-009,1153.04,18,None
2024-01-25,South,SKU-010,4712.84,75,Discount
2024-01-25,East,SKU-001,3059.2,46,Flash Sale
2024-01-25,East,SKU-002,614.47,17,None
2024-01-25,East,SKU-003,4069.49,186,Discount
2024-01-25,East,SKU-004,2789.52,43,Bundle
2024-01-25,East,SKU-005,3059.49,85,Discount
2024-01-25,East,SKU-006,1854.4,31,None
2024-01-25,East,SKU-007,2096.66,65,BOGO
2024-01-25,East,SKU-008,7491.12,198,Discount
2024-01-25,East,SKU-009,1318.86,72,None
2024-01-25,East,SKU-010,5621.25,72,Bundle
2024-01-25,West,SKU-001,2675.38,67,Flash Sale
2024-01-25,West,SKU-002,1124.35,24,Flash Sale
2024-01-25,West,SKU-003,3334.12,168,Discount
2024-01-25,West,SKU-004,2300.42,64,None
2024-01-25,West,SKU-005,1931.5,74,None
2024-01-25,West,SKU-006,2698.28,135,Flash Sale
2024-01-25,West,SKU-007,1252.21,15,None
2024-01-25,West,SKU-008,6985.3,162,Bundle
2024-01-25,West,SKU-009,1264.03,29,None
2024-01-25,West,SKU-010,3325.03,117,None
2024-01-26,North,SKU-001,1905.07,37,Discount
2024-01-26,North,SKU-002,1048.91,30,Discount
2024-01-26,North,SKU-003,2257.06,43,None
2024-01-26,North,SKU-004,2806.39,72,Bundle
2024-01-26,North,SKU-005,3693.6,53,Flash Sale
2024-01-26,North,SKU-006,1879.31,112,Bundle
2024-01-26,North,SKU-007,1413.01,17,None
2024-01-26,North,SKU-008,7345.0,209,Bundle
2024-01-26,North,SKU-009,2276.04,31,Flash Sale
2024-01-26,North,SKU-010,4632.62,91,Discount
2024-01-26,South,SKU-001,1339.15,33,None
2024-01-26,South,SKU-002,688.73,21,None
2024-01-26,South,SKU-003,3240.19,46,Bundle
2024-01-26,South,SKU-004,2156.29,35,None
2024-01-26,South,SKU-005,1942.21,52,None
2024-01-26,South,SKU-006,3709.46,69,Flash Sale
2024-01-26,South,SKU-007,1521.53,22,None
2024-01-26,South,SKU-008,11195.01,187,Flash Sale
2024-01-26,South,SKU-009,1621.43,53,Bundle
2024-01-26,South,SKU-010,4605.63,62,Discount
2024-01-26,East,SKU-001,1413.19,19,None
2024-01-26,East,SKU-002,597.07,9,None
2024-01-26,East,SKU-003,3247.51,125,None
2024-01-26,East,SKU-004,3941.28,169,Discount
2024-01-26,East,SKU-005,3677.22,61,Flash Sale
2024-01-26,East,SKU-006,2757.73,49,Discount
2024-01-26,East,SKU-007,1739.44,27,Discount
2024-01-26,East,SKU-008,4146.51,81,None
2024-01-26,East,SKU-009,2215.83,45,BOGO
2024-01-26,East,SKU-010,4409.44,79,None
2024-01-26,West,SKU-001,2266.99,91,Flash Sale
2024-01-26,West,SKU-002,823.66,15,None
2024-01-26,West,SKU-003,3067.66,42,None
2024-01-26,West,SKU-004,4615.68,143,BOGO
2024-01-26,West,SKU-005,3113.59,68,Bundle
2024-01-26,West,SKU-006,1495.4,61,None
2024-01-26,West,SKU-007,2074.75,28,Flash Sale
2024-01-26,West,SKU-008,8552.82,469,BOGO
2024-01-26,West,SKU-009,1840.83,25,Bundle
2024-01-26,West,SKU-010,3699.44,55,None
2024-01-27,North,SKU-001,2163.74,46,Discount
2024-01-27,North,SKU-002,1004.47,33,None
2024-01-27,North,SKU-003,5502.35,125,Discount
2024-01-27,North,SKU-004,4367.74,103,BOGO
2024-01-27,North,SKU-005,2444.89,85,None
2024-01-27,North,SKU-006,4107.08,63,Flash Sale
2024-01-27,North,SKU-007,2901.0,59,BOGO
2024-01-27,North,SKU-008,4924.76,80,None
2024-01-27,North,SKU-009,2360.63,33,Flash Sale
2024-01-27,North,SKU-010,4127.67,57,None
2024-01-27,South,SKU-001,2691.91,86,Discount
2024-01-27,South,SKU-002,900.8,23,Bundle
2024-01-27,South,SKU-003,4206.89,61,Discount
2024-01-27,South,SKU-004,6023.16,261,Flash Sale
2024-01-27,South,SKU-005,2505.23,53,None
2024-01-27,South,SKU-006,2232.53,31,Bundle
2024-01-27,South,SKU-007,2410.71,34,BOGO
2024-01-27,South,SKU-008,9175.55,153,Discount
2024-01-27,South,SKU-009,1651.29,90,Discount
2024-01-27,South,SKU-010,7595.44,133,Discount
2024-01-27,East,SKU-001,2153.05,51,Discount
2024-01-27,East,SKU-002,968.02,12,None
2024-01-27,East,SKU-003,3269.37,138,None
2024-01-27,East,SKU-004,3128.86,201,None
2024-01-27,East,SKU-005,4080.53,53,Discount
2024-01-27,East,SKU-006,2676.12,67,Discount
2024-01-27,East,SKU-007,2528.72,86,BOGO
2024-01-27,East,SKU-008,8936.01,130,Discount
2024-01-27,East,SKU-009,2856.75,184,Flash Sale
2024-01-27,East,SKU-010,7782.24,145,BOGO
2024-01-27,West,SKU-001,2180.94,99,Discount
2024-01-27,West,SKU-002,789.48,23,None
2024-01-27,West,SKU-003,6050.06,189,BOGO
2024-01-27,West,SKU-004,3685.27,75,Discount
2024-01-27,West,SKU-005,4536.32,67,Discount
2024-01-27,West,SKU-006,3986.58,67,Flash Sale
2024-01-27,West,SKU-007,1706.68,21,None
2024-01-27,West,SKU-008,9702.76,234,Discount
2024-01-27,West,SKU-009,1502.7,18,None
2024-01-27,West,SKU-010,6229.15,101,Discount
2024-01-28,North,SKU-001,2560.91,43,Bundle
2024-01-28,North,SKU-002,1346.13,19,Discount
2024-01-28,North,SKU-003,3031.1,66,None
2024-01-28,North,SKU-004,4589.3,89,Discount
2024-01-28,North,SKU-005,3293.01,44,None
2024-01-28,North,SKU-006,1752.56,59,None
2024-01-28,North,SKU-007,2177.96,29,Discount
2024-01-28,North,SKU-008,8623.26,252,BOGO
2024-01-28,North,SKU-009,1437.26,20,None
2024-01-28,North,SKU-010,4694.45,169,None
2024-01-28,South,SKU-001,1943.48,48,None
2024-01-28,South,SKU-002,1141.61,15,Discount
2024-01-28,South,SKU-003,2824.4,100,None
2024-01-28,South,SKU-004,6827.14,93,Flash Sale
2024-01-28,South,SKU-005,3113.4,43,Bundle
2024-01-28,South,SKU-006,2191.58,46,None
2024-01-28,South,SKU-007,1486.88,79,None
2024-01-28,South,SKU-008,7046.59,109,Bundle
2024-01-28,South,SKU-009,1498.78,59,None
2024-01-28,South,SKU-010,4043.49,93,None
2024-01-28,East,SKU-001,3094.96,39,Flash Sale
2024-01-28,East,SKU-002,1287.09,25,Flash Sale
2024-01-28,East,SKU-003,6237.34,85,BOGO
2024-01-28,East,SKU-004,3398.24,222,Discount
2024-01-28,East,SKU-005,3482.81,48,Discount
2024-01-28,East,SKU-006,2350.54,58,Discount
2024-01-28,East,SKU-007,1949.9,28,Discount
2024-01-28,East,SKU-008,9841.45,220,Discount
2024-01-28,East,SKU-009,2265.29,37,BOGO
2024-01-28,East,SKU-010,4448.57,60,None
2024-01-28,West,SKU-001,2982.27,115,BOGO
2024-01-28,West,SKU-002,1296.37,43,Flash Sale
2024-01-28,West,SKU-003,2921.96,177,None
2024-01-28,West,SKU-004,2553.91,41,None
2024-01-28,West,SKU-005,2654.14,46,None
2024-01-28,West,SKU-006,2045.67,112,None
2024-01-28,West,SKU-007,1705.5,104,None
2024-01-28,West,SKU-008,5761.98,145,None
2024-01-28,West,SKU-009,2015.31,80,Discount
2024-01-28,West,SKU-010,4369.54,75,None
2024-01-29,North,SKU-001,2073.9,34,Discount
2024-01-29,North,SKU-002,1514.51,69,Flash Sale
2024-01-29,North,SKU-003,2513.72,38,None
2024-01-29,North,SKU-004,2865.1,102,Bundle
2024-01-29,North,SKU-005,3691.37,47,Discount
2024-01-29,North,SKU-006,2842.72,83,BOGO
2024-01-29,North,SKU-007,1364.78,18,None
2024-01-29,North,SKU-008,6019.58,396,Bundle
2024-01-29,North,SKU-009,1409.26,20,None
2024-01-29,North,SKU-010,4421.05,211,Bundle
2024-01-29,South,SKU-001,1538.27,71,None
2024-01-29,South,SKU-002,1042.5,23,Discount
2024-01-29,South,SKU-003,3490.56,191,Discount
2024-01-29,South,SKU-004,2881.04,40,None
2024-01-29,South,SKU-005,4174.15,118,BOGO
2024-01-29,South,SKU-006,1376.83,21,None
2024-01-29,South,SKU-007,1076.38,44,None
2024-01-29,South,SKU-008,4626.58,63,None
2024-01-29,South,SKU-009,1953.68,92,Discount
2024-01-29,South,SKU-010,5526.68,134,BOGO
2024-01-29,East,SKU-001,1668.07,41,Bundle
2024-01-29,East,SKU-002,1024.99,17,Bundle
2024-01-29,East,SKU-003,2326.9,38,None
2024-01-29,East,SKU-004,2988.72,42,None
2024-01-29,East,SKU-005,2249.81,42,None
2024-01-29,East,SKU-006,1863.58,46,Bundle
2024-01-29,East,SKU-007,2237.83,31,BOGO
2024-01-29,East,SKU-008,4933.38,105,None
2024-01-29,East,SKU-009,2248.17,117,Flash Sale
2024-01-29,East,SKU-010,5094.97,71,BOGO
2024-01-29,West,SKU-001,2354.68,40,Discount
2024-01-29,West,SKU-002,1135.01,19,BOGO
2024-01-29,West,SKU-003,2679.05,43,None
2024-01-29,West,SKU-004,3056.79,51,Bundle
2024-01-29,West,SKU-005,3801.57,55,Flash Sale
2024-01-29,West,SKU-006,1322.05,17,None
2024-01-29,West,SKU-007,1985.7,27,Bundle
2024-01-29,West,SKU-008,5466.54,152,None
2024-01-29,West,SKU-009,2303.88,126,BOGO
2024-01-29,West,SKU-010,5650.27,142,Discount
2024-01-30,North,SKU-001,1643.77,37,Discount
2024-01-30,North,SKU-002,764.38,16,Bundle
2024-01-30,North,SKU-003,3732.99,78,BOGO
2024-01-30,North,SKU-004,2107.69,50,None
2024-01-30,North,SKU-005,2631.49,39,None
2024-01-30,North,SKU-006,2659.13,51,Discount
2024-01-30,North,SKU-007,2054.27,53,Bundle
2024-01-30,North,SKU-008,5596.0,80,None
2024-01-30,North,SKU-009,1985.86,35,BOGO
2024-01-30,North,SKU-010,5588.49,144,Bundle
2024-01-30,South,SKU-001,1552.2,24,Bundle
2024-01-30,South,SKU-002,789.35,20,Discount
2024-01-30,South,SKU-003,3927.72,99,Discount
2024-01-30,South,SKU-004,2050.69,79,None
2024-01-30,South,SKU-005,2627.7,41,None
2024-01-30,South,SKU-006,2630.92,48,Flash Sale
2024-01-30,South,SKU-007,1590.22,22,Discount
2024-01-30,South,SKU-008,6834.32,103,Discount
2024-01-30,South,SKU-009,1634.95,38,BOGO
2024-01-30,South,SKU-010,4386.64,99,None
2024-01-30,East,SKU-001,1673.99,109,None
2024-01-30,East,SKU-002,718.99,16,None
2024-01-30,East,SKU-003,4186.41,63,Bundle
2024-01-30,East,SKU-004,2698.28,102,None
2024-01-30,East,SKU-005,1958.83,33,None
2024-01-30,East,SKU-006,2633.12,65,BOGO
2024-01-30,East,SKU-007,1704.83,21,Discount
2024-01-30,East,SKU-008,6822.64,288,Discount
2024-01-30,East,SKU-009,2397.24,33,Flash Sale
2024-01-30,East,SKU-010,6298.43,124,Discount
2024-01-30,West,SKU-001,2450.67,32,BOGO
2024-01-30,West,SKU-002,867.68,15,Discount
2024-01-30,West,SKU-003,4141.89,55,Discount
2024-01-30,West,SKU-004,2988.49,52,None
2024-01-30,West,SKU-005,2331.63,38,None
2024-01-30,West,SKU-006,2849.99,44,BOGO
2024-01-30,West,SKU-007,1798.36,23,Bundle
2024-01-30,West,SKU-008,10095.06,138,Flash Sale
2024-01-30,West,SKU-009,1953.0,46,Discount
2024-01-30,West,SKU-010,3991.97,239,None
2024-01-31,North,SKU-001,1159.57,62,None
2024-01-31,North,SKU-002,1084.23,42,Discount
2024-01-31,North,SKU-003,4136.93,168,Discount
2024-01-31,North,SKU-004,2697.05,78,None
2024-01-31,North,SKU-005,2196.41,49,None
2024-01-31,North,SKU-006,2523.24,49,Discount
2024-01-31,North,SKU-007,1882.79,28,Discount
2024-01-31,North,SKU-008,7490.46,414,Discount
2024-01-31,North,SKU-009,2199.22,28,Flash Sale
2024-01-31,North,SKU-010,7509.02,405,BOGO
2024-01-31,South,SKU-001,1742.03,24,Discount
2024-01-31,South,SKU-002,1036.0,13,Bundle
2024-01-31,South,SKU-003,4854.28,96,BOGO
2024-01-31,South,SKU-004,3895.93,50,Discount
2024-01-31,South,SKU-005,3192.47,40,Discount
2024-01-31,South,SKU-006,1437.28,54,None
2024-01-31,South,SKU-007,1273.23,29,None
2024-01-31,South,SKU-008,5924.82,111,Discount
2024-01-31,South,SKU-009,1361.27,30,Discount
2024-01-31,South,SKU-010,3228.0,42,None
2024-01-31,East,SKU-001,1566.56,28,None
2024-01-31,East,SKU-002,981.87,18,Discount
2024-01-31,East,SKU-003,3652.25,59,BOGO
2024-01-31,East,SKU-004,4149.72,84,Discount
2024-01-31,East,SKU-005,2249.72,45,None
2024-01-31,East,SKU-006,1544.03,21,None
2024-01-31,East,SKU-007,1997.63,58,BOGO
2024-01-31,East,SKU-008,7739.82,112,Bundle
2024-01-31,East,SKU-009,1025.22,27,None
2024-01-31,East,SKU-010,6434.51,117,Discount
2024-01-31,West,SKU-001,2339.66,39,Discount
2024-01-31,West,SKU-002,1072.95,16,BOGO
2024-01-31,West,SKU-003,2627.33,52,None
2024-01-31,West,SKU-004,2841.39,58,Discount
2024-01-31,West,SKU-005,3746.12,77,BOGO
2024-01-31,West,SKU-006,1746.19,23,Bundle
2024-01-31,West,SKU-007,1739.86,85,Discount
2024-01-31,West,SKU-008,4306.18,55,None
2024-01-31,West,SKU-009,1273.54,44,None
2024-01-31,West,SKU-010,6346.9,149,Discount
2024-02-01,North,SKU-001,1245.71,18,None
2024-02-01,North,SKU-002,1416.02,18,Flash Sale
2024-02-01,North,SKU-003,2228.56,36,None
2024-02-01,North,SKU-004,2092.53,112,None
2024-02-01,North,SKU-005,3334.92,63,Discount
2024-02-01,North,SKU-006,2678.34,64,Discount
2024-02-01,North,SKU-007,1831.37,42,Bundle
2024-02-01,North,SKU-008,4747.46,209,None
2024-02-01,North,SKU-009,1280.56,23,None
2024-02-01,North,SKU-010,4273.88,216,None
2024-02-01,South,SKU-001,1293.3,21,None
2024-02-01,South,SKU-002,642.48,8,None
2024-02-01,South,SKU-003,5011.25,86,Flash Sale
2024-02-01,South,SKU-004,2809.95,95,Bundle
2024-02-01,South,SKU-005,4948.27,70,Flash Sale
2024-02-01,South,SKU-006,2723.56,111,Discount
2024-02-01,South,SKU-007,2534.37,161,BOGO
2024-02-01,South,SKU-008,4218.44,275,None
2024-02-01,South,SKU-009,2337.02,30,Flash Sale
2024-02-01,South,SKU-010,4896.06,77,Discount
2024-02-01,East,SKU-001,1998.7,27,BOGO
2024-02-01,East,SKU-002,608.52,20,None
2024-02-01,East,SKU-003,3382.95,126,Discount
2024-02-01,East,SKU-004,2858.23,37,None
2024-02-01,East,SKU-005,3201.54,162,Bundle
2024-02-01,East,SKU-006,1479.15,53,None
2024-02-01,East,SKU-007,2055.1,53,Bundle
2024-02-01,East,SKU-008,5841.32,105,Discount
2024-02-01,East,SKU-009,1573.13,35,Discount
2024-02-01,East,SKU-010,5966.98,239,Discount
2024-02-01,West,SKU-001,2537.26,32,BOGO
2024-02-01,West,SKU-002,564.56,18,None
2024-02-01,West,SKU-003,4181.34,73,Discount
2024-02-01,West,SKU-004,3985.7,167,Discount
2024-02-01,West,SKU-005,4287.82,95,BOGO
2024-02-01,West,SKU-006,2917.72,62,BOGO
2024-02-01,West,SKU-007,1165.34,21,None
2024-02-01,West,SKU-008,7951.57,329,Discount
2024-02-01,West,SKU-009,1536.1,21,Discount
2024-02-01,West,SKU-010,4315.88,59,None
2024-02-02,North,SKU-001,1588.58,30,None
2024-02-02,North,SKU-002,1145.78,22,Discount
2024-02-02,North,SKU-003,3799.23,154,Bundle
2024-02-02,North,SKU-004,4234.42,64,Flash Sale
2024-02-02,North,SKU-005,2781.9,58,Discount
2024-02-02,North,SKU-006,1575.17,33,None
2024-02-02,North,SKU-007,2135.53,31,Discount
2024-02-02,North,SKU-008,5478.02,227,None
2024-02-02,North,SKU-009,1056.45,13,None
2024-02-02,North,SKU-010,4329.32,93,None
2024-02-02,South,SKU-001,1843.89,28,BOGO
2024-02-02,South,SKU-002,813.26,20,Discount
2024-02-02,South,SKU-003,2938.65,60,None
2024-02-02,South,SKU-004,3830.12,51,BOGO
2024-02-02,South,SKU-005,1899.56,33,None
2024-02-02,South,SKU-006,1776.9,36,None
2024-02-02,South,SKU-007,2125.7,66,Discount
2024-02-02,South,SKU-008,4721.95,119,None
2024-02-02,South,SKU-009,1220.08,30,None
2024-02-02,South,SKU-010,5574.67,146,Discount
2024-02-02,East,SKU-001,2247.33,48,BOGO
2024-02-02,East,SKU-002,704.52,29,None
2024-02-02,East,SKU-003,2455.67,50,None
2024-02-02,East,SKU-004,3103.55,114,Discount
2024-02-02,East,SKU-005,3876.8,56,BOGO
2024-02-02,East,SKU-006,2221.64,60,Discount
2024-02-02,East,SKU-007,1329.1,28,None
2024-02-02,East,SKU-008,7206.34,126,Discount
2024-02-02,East,SKU-009,1862.92,104,Flash Sale
2024-02-02,East,SKU-010,3377.99,69,None
2024-02-02,West,SKU-001,1161.18,36,None
2024-02-02,West,SKU-002,708.69,17,None
2024-02-02,West,SKU-003,3169.81,50,None
2024-02-02,West,SKU-004,4136.06,142,Discount
2024-02-02,West,SKU-005,3471.04,133,Bundle
2024-02-02,West,SKU-006,3247.62,48,Flash Sale
2024-02-02,West,SKU-007,1404.99,29,None
2024-02-02,West,SKU-008,5412.41,145,None
2024-02-02,West,SKU-009,1636.44,84,Bundle
2024-02-02,West,SKU-010,7172.03,325,Flash Sale
2024-02-03,North,SKU-001,2393.71,32,Discount
2024-02-03,North,SKU-002,1814.76,33,Flash Sale
2024-02-03,North,SKU-003,3271.71,59,None
2024-02-03,North,SKU-004,3461.59,69,None
2024-02-03,North,SKU-005,2339.01,40,None
2024-02-03,North,SKU-006,2284.67,34,None
2024-02-03,North,SKU-007,3079.84,78,Flash Sale
2024-02-03,North,SKU-008,6431.61,149,None
2024-02-03,North,SKU-009,2109.71,53,Bundle
2024-02-03,North,SKU-010,4605.71,146,None
2024-02-03,South,SKU-001,2761.28,135,Discount
2024-02-03,South,SKU-002,1449.62,94,Flash Sale
2024-02-03,South,SKU-003,3406.66,150,None
2024-02-03,South,SKU-004,2856.88,100,None
2024-02-03,South,SKU-005,4306.78,196,BOGO
2024-02-03,South,SKU-006,3973.16,126,Flash Sale
2024-02-03,South,SKU-007,3131.89,57,Flash Sale
2024-02-03,South,SKU-008,12479.76,298,Flash Sale
2024-02-03,South,SKU-009,1647.74,32,Bundle
2024-02-03,South,SKU-010,5563.55,159,Bundle
2024-02-03,East,SKU-001,3008.38,73,BOGO
2024-02-03,East,SKU-002,964.76,16,None
2024-02-03,East,SKU-003,4526.24,74,Discount
2024-02-03,East,SKU-004,2526.38,52,None
2024-02-03,East,SKU-005,5007.66,91,BOGO
2024-02-03,East,SKU-006,1704.04,21,None
2024-02-03,East,SKU-007,1802.42,26,None
2024-02-03,East,SKU-008,9068.44,209,Bundle
2024-02-03,East,SKU-009,1316.58,33,None
2024-02-03,East,SKU-010,5173.49,68,None
2024-02-03,West,SKU-001,3366.12,68,Flash Sale
2024-02-03,West,SKU-002,995.42,14,None
2024-02-03,West,SKU-003,4189.84,149,Bundle
2024-02-03,West,SKU-004,3696.02,56,Discount
2024-02-03,West,SKU-005,4091.25,69,Discount
2024-02-03,West,SKU-006,2825.55,188,BOGO
2024-02-03,West,SKU-007,1341.26,40,None
2024-02-03,West,SKU-008,10659.44,262,Flash Sale
2024-02-03,West,SKU-009,2050.61,32,Discount
2024-02-03,West,SKU-010,5543.17,109,None
2024-02-04,North,SKU-001,2545.64,37,BOGO
2024-02-04,North,SKU-002,1233.04,44,Discount
2024-02-04,North,SKU-003,6464.91,202,Flash Sale
2024-02-04,North,SKU-004,5727.94,111,Flash Sale
2024-02-04,North,SKU-005,3660.68,161,Discount
2024-02-04,North,SKU-006,3175.5,46,Discount
2024-02-04,North,SKU-007,2424.26,31,Discount
2024-02-04,North,SKU-008,8585.26,133,Bundle
2024-02-04,North,SKU-009,2028.06,27,Bundle
2024-02-04,North,SKU-010,4712.96,148,None
2024-02-04,South,SKU-001,3391.48,42,Flash Sale
2024-02-04,South,SKU-002,1324.72,31,Discount
2024-02-04,South,SKU-003,5320.65,340,BOGO
2024-02-04,South,SKU-004,3786.14,179,Discount
2024-02-04,South,SKU-005,3711.74,49,BOGO
2024-02-04,South,SKU-006,2372.26,81,Bundle
2024-02-04,South,SKU-007,1964.09,30,Discount
2024-02-04,South,SKU-008,8341.22,298,Discount
2024-02-04,South,SKU-009,2339.75,82,Discount
2024-02-04,South,SKU-010,7536.5,108,Discount
2024-02-04,East,SKU-001,2338.0,106,BOGO
2024-02-04,East,SKU-002,904.21,15,None
2024-02-04,East,SKU-003,3652.78,72,None
2024-02-04,East,SKU-004,3425.81,87,None
2024-02-04,East,SKU-005,4456.07,56,BOGO
2024-02-04,East,SKU-006,2750.09,34,Discount
2024-02-04,East,SKU-007,2157.63,33,Discount
2024-02-04,East,SKU-008,4897.42,73,None
2024-02-04,East,SKU-009,2223.23,129,Bundle
2024-02-04,East,SKU-010,7272.61,121,BOGO
2024-02-04,West,SKU-001,1665.39,72,None
2024-02-04,West,SKU-002,1017.26,65,Bundle
2024-02-04,West,SKU-003,4401.98,204,Discount
2024-02-04,West,SKU-004,5028.57,157,BOGO
2024-02-04,West,SKU-005,3499.82,76,Discount
2024-02-04,West,SKU-006,2985.38,62,BOGO
2024-02-04,West,SKU-007,2176.72,34,Discount
2024-02-04,West,SKU-008,10888.27,328,BOGO
2024-02-04,West,SKU-009,1495.94,19,None
2024-02-04,West,SKU-010,7481.33,120,Discount
2024-02-05,North,SKU-001,2020.56,28,Discount
2024-02-05,North,SKU-002,845.98,10,Discount
2024-02-05,North,SKU-003,2723.25,174,None
2024-02-05,North,SKU-004,4760.63,59,Flash Sale
2024-02-05,North,SKU-005,4149.92,120,BOGO
2024-02-05,North,SKU-006,1576.23,26,None
2024-02-05,North,SKU-007,1186.6,37,None
2024-02-05,North,SKU-008,4867.37,132,None
2024-02-05,North,SKU-009,1830.84,35,BOGO
2024-02-05,North,SKU-010,5193.11,124,Discount
2024-02-05,South,SKU-001,2591.18,33,BOGO
2024-02-05,South,SKU-002,1015.9,17,Discount
2024-02-05,South,SKU-003,3280.89,97,None
2024-02-05,South,SKU-004,4287.37,91,BOGO
2024-02-05,South,SKU-005,3498.07,87,Bundle
2024-02-05,South,SKU-006,2266.85,29,Discount
2024-02-05,South,SKU-007,1414.29,18,None
2024-02-05,South,SKU-008,9932.85,190,Flash Sale
2024-02-05,South,SKU-009,1007.95,26,None
2024-02-05,South,SKU-010,5865.97,172,BOGO
2024-02-05,East,SKU-001,2060.13,50,Discount
2024-02-05,East,SKU-002,1018.06,13,Bundle
2024-02-05,East,SKU-003,3455.77,128,Bundle
2024-02-05,East,SKU-004,2130.14,70,None
2024-02-05,East,SKU-005,3833.39,63,Discount
2024-02-05,East,SKU-006,1452.79,35,None
2024-02-05,East,SKU-007,1105.37,15,None
2024-02-05,East,SKU-008,4025.98,98,None
2024-02-05,East,SKU-009,1019.98,18,None
2024-02-05,East,SKU-010,4201.01,57,None
2024-02-05,West,SKU-001,1762.8,28,Discount
2024-02-05,West,SKU-002,961.5,40,Bundle
2024-02-05,West,SKU-003,2233.86,38,None
2024-02-05,West,SKU-004,4593.78,101,BOGO
2024-02-05,West,SKU-005,3322.49,139,Discount
2024-02-05,West,SKU-006,1702.69,38,None
2024-02-05,West,SKU-007,2567.97,45,Flash Sale
2024-02-05,West,SKU-008,8091.23,174,Discount
2024-02-05,West,SKU-009,1903.61,43,Discount
2024-02-05,West,SKU-010,6107.31,243,BOGO
2024-02-06,North,SKU-001,1129.65,16,None
2024-02-06,North,SKU-002,660.04,14,None
2024-02-06,North,SKU-003,2959.77,63,None
2024-02-06,North,SKU-004,2996.67,46,Bundle
2024-02-06,North,SKU-005,3385.66,50,Discount
2024-02-06,North,SKU-006,2301.33,31,BOGO
2024-02-06,North,SKU-007,2437.0,95,Flash Sale
2024-02-06,North,SKU-008,10677.09,363,Flash Sale
2024-02-06,North,SKU-009,1174.3,38,None
2024-02-06,North,SKU-010,5061.38,79,Discount
2024-02-06,South,SKU-001,1907.93,27,Discount
2024-02-06,South,SKU-002,601.67,27,None
2024-02-06,South,SKU-003,3747.44,114,Bundle
2024-02-06,South,SKU-004,2850.95,175,Bundle
2024-02-06,South,SKU-005,2765.4,168,None
2024-02-06,South,SKU-006,1499.81,64,None
2024-02-06,South,SKU-007,1898.83,63,Bundle
2024-02-06,South,SKU-008,4002.86,137,None
2024-02-06,South,SKU-009,2129.24,31,Flash Sale
2024-02-06,South,SKU-010,6237.65,93,BOGO
2024-02-06,East,SKU-001,1879.86,29,BOGO
2024-02-06,East,SKU-002,578.98,8,None
2024-02-06,East,SKU-003,2800.56,104,None
2024-02-06,East,SKU-004,3953.62,57,Discount
2024-02-06,East,SKU-005,2769.95,45,None
2024-02-06,East,SKU-006,3460.37,79,Flash Sale
2024-02-06,East,SKU-007,1177.88,18,None
2024-02-06,East,SKU-008,5009.0,63,None
2024-02-06,East,SKU-009,1505.72,19,Bundle
2024-02-06,East,SKU-010,5465.26,87,BOGO
2024-02-06,West,SKU-001,1272.67,22,None
2024-02-06,West,SKU-002,930.57,50,Discount
2024-02-06,West,SKU-003,4583.84,151,Discount
2024-02-06,West,SKU-004,4427.18,171,Flash Sale
2024-02-06,West,SKU-005,3369.62,82,Discount
2024-02-06,West,SKU-006,1848.38,104,Discount
2024-02-06,West,SKU-007,1871.88,74,Bundle
2024-02-06,West,SKU-008,4467.76,94,None
2024-02-06,West,SKU-009,2273.4,28,BOGO
2024-02-06,West,SKU-010,3259.39,57,None
2024-02-07,North,SKU-001,1200.67,39,None
2024-02-07,North,SKU-002,1264.06,29,BOGO
2024-02-07,North,SKU-003,3116.28,78,Discount
2024-02-07,North,SKU-004,2256.1,128,None
2024-02-07,North,SKU-005,3097.85,61,Bundle
2024-02-07,North,SKU-006,1870.86,68,Bundle
2024-02-07,North,SKU-007,1991.3,43,BOGO
2024-02-07,North,SKU-008,4110.44,163,None
2024-02-07,North,SKU-009,1913.6,38,Discount
2024-02-07,North,SKU-010,4115.72,72,Bundle
2024-02-07,South,SKU-001,2933.54,40,Flash Sale
2024-02-07,South,SKU-002,1250.76,40,BOGO
2024-02-07,South,SKU-003,2927.31,58,None
2024-02-07,South,SKU-004,4170.74,70,Flash Sale
2024-02-07,South,SKU-005,2433.26,67,None
2024-02-07,South,SKU-006,2219.2,45,BOGO
2024-02-07,South,SKU-007,1094.65,14,None
2024-02-07,South,SKU-008,5709.06,202,None
2024-02-07,South,SKU-009,1381.24,80,Bundle
2024-02-07,South,SKU-010,7991.2,162,Flash Sale
2024-02-07,East,SKU-001,1620.25,55,Discount
2024-02-07,East,SKU-002,566.89,7,None
2024-02-07,East,SKU-003,4192.19,60,Bundle
2024-02-07,East,SKU-004,3650.07,192,Bundle
2024-02-07,East,SKU-005,4992.96,74,Flash Sale
2024-02-07,East,SKU-006,1855.7,57,None
2024-02-07,East,SKU-007,1464.49,21,None
2024-02-07,East,SKU-008,5850.34,75,None
2024-02-07,East,SKU-009,1018.67,33,None
2024-02-07,East,SKU-010,6582.74,133,Flash Sale
2024-02-07,West,SKU-001,2032.17,26,Discount
2024-02-07,West,SKU-002,1469.28,22,Flash Sale
2024-02-07,West,SKU-003,4712.24,77,BOGO
2024-02-07,West,SKU-004,5490.51,212,Flash Sale
2024-02-07,West,SKU-005,2374.53,49,None
2024-02-07,West,SKU-006,1665.28,30,None
2024-02-07,West,SKU-007,2487.31,49,BOGO
2024-02-07,West,SKU-008,9043.45,216,BOGO
2024-02-07,West,SKU-009,2603.23,72,Flash Sale
2024-02-07,West,SKU-010,5678.29,196,Discount
2024-02-08,North,SKU-001,1866.11,42,Discount
2024-02-08,North,SKU-002,1070.18,62,Flash Sale
2024-02-08,North,SKU-003,4001.84,82,Discount
2024-02-08,North,SKU-004,2815.94,35,Discount
2024-02-08,North,SKU-005,3722.95,226,Discount
2024-02-08,North,SKU-006,2685.82,55,Discount
2024-02-08,North,SKU-007,1121.7,24,None
2024-02-08,North,SKU-008,4248.59,109,None
2024-02-08,North,SKU-009,1515.58,22,Discount
2024-02-08,North,SKU-010,4067.54,78,None
2024-02-08,South,SKU-001,2162.04,34,Discount
2024-02-08,South,SKU-002,795.46,11,Bundle
2024-02-08,South,SKU-003,2857.87,82,None
2024-02-08,South,SKU-004,3958.58,212,Flash Sale
2024-02-08,South,SKU-005,3498.23,51,BOGO
2024-02-08,South,SKU-006,3658.94,160,Flash Sale
2024-02-08,South,SKU-007,2060.32,29,Discount
2024-02-08,South,SKU-008,5233.01,93,None
2024-02-08,South,SKU-009,1117.36,63,None
2024-02-08,South,SKU-010,3681.98,61,None
2024-02-08,East,SKU-001,1158.13,18,None
2024-02-08,East,SKU-002,1589.63,24,Flash Sale
2024-02-08,East,SKU-003,2446.96,72,None
2024-02-08,East,SKU-004,4091.02,111,Flash Sale
2024-02-08,East,SKU-005,3112.88,170,Bundle
2024-02-08,East,SKU-006,2825.21,69,Flash Sale
2024-02-08,East,SKU-007,2822.76,120,Flash Sale
2024-02-08,East,SKU-008,4929.1,176,None
2024-02-08,East,SKU-009,2443.04,88,Flash Sale
2024-02-08,East,SKU-010,4967.54,153,Discount
2024-02-08,West,SKU-001,2493.3,33,Flash Sale
2024-02-08,West,SKU-002,594.89,14,None
2024-02-08,West,SKU-003,4137.53,115,BOGO
2024-02-08,West,SKU-004,2776.33,106,None
2024-02-08,West,SKU-005,3897.96,49,BOGO
2024-02-08,West,SKU-006,2241.14,51,Bundle
2024-02-08,West,SKU-007,1649.41,41,Discount
2024-02-08,West,SKU-008,4196.86,226,None
2024-02-08,West,SKU-009,1390.77,20,None
2024-02-08,West,SKU-010,3707.99,55,None
2024-02-09,North,SKU-001,1937.31,117,Discount
2024-02-09,North,SKU-002,1080.22,37,Discount
2024-02-09,North,SKU-003,3929.43,70,Discount
2024-02-09,North,SKU-004,2701.54,46,None
2024-02-09,North,SKU-005,4570.06,78,Flash Sale
2024-02-09,North,SKU-006,1482.29,78,None
2024-02-09,North,SKU-007,2091.45,37,Discount
2024-02-09,North,SKU-008,4897.38,64,None
2024-02-09,North,SKU-009,1158.02,35,None
2024-02-09,North,SKU-010,7251.9,446,BOGO
2024-02-09,South,SKU-001,2394.31,60,Flash Sale
2024-02-09,South,SKU-002,817.73,17,None
2024-02-09,South,SKU-003,2407.68,50,None
2024-02-09,South,SKU-004,3336.88,54,Bundle
2024-02-09,South,SKU-005,2092.77,42,None
2024-02-09,South,SKU-006,2618.21,41,BOGO
2024-02-09,South,SKU-007,1256.94,33,None
2024-02-09,South,SKU-008,6220.05,79,Discount
2024-02-09,South,SKU-009,1908.49,34,Discount
2024-02-09,South,SKU-010,8690.17,127,Flash Sale
2024-02-09,East,SKU-001,1662.85,21,None
2024-02-09,East,SKU-002,848.29,11,Discount
2024-02-09,East,SKU-003,2299.08,57,None
2024-02-09,East,SKU-004,3392.39,64,Discount
2024-02-09,East,SKU-005,5255.71,70,Flash Sale
2024-02-09,East,SKU-006,2575.35,109,BOGO
2024-02-09,East,SKU-007,1382.4,23,None
2024-02-09,East,SKU-008,7962.34,226,Discount
2024-02-09,East,SKU-009,1178.1,15,None
2024-02-09,East,SKU-010,4203.22,81,None
2024-02-09,West,SKU-001,1308.92,25,None
2024-02-09,West,SKU-002,615.05,8,None
2024-02-09,West,SKU-003,3003.06,46,None
2024-02-09,West,SKU-004,5639.78,162,Flash Sale
2024-02-09,West,SKU-005,2805.46,103,Discount
2024-02-09,West,SKU-006,1435.82,22,None
2024-02-09,West,SKU-007,1953.79,35,Discount
2024-02-09,West,SKU-008,6205.33,371,Discount
2024-02-09,West,SKU-009,1303.21,28,None
2024-02-09,West,SKU-010,5578.95,141,Bundle
2024-02-10,North,SKU-001,3208.34,134,Flash Sale
2024-02-10,North,SKU-002,1053.22,25,Discount
2024-02-10,North,SKU-003,3865.79,50,None
2024-02-10,North,SKU-004,4618.23,58,Discount
2024-02-10,North,SKU-005,3232.3,42,Discount
2024-02-10,North,SKU-006,2939.47,62,Bundle
2024-02-10,North,SKU-007,2948.05,40,BOGO
2024-02-10,North,SKU-008,10893.82,614,Flash Sale
2024-02-10,North,SKU-009,3006.76,74,Flash Sale
2024-02-10,North,SKU-010,4786.41,107,None
2024-02-10,South,SKU-001,1950.44,62,None
2024-02-10,South,SKU-002,1915.76,109,Flash Sale
2024-02-10,South,SKU-003,6317.33,112,Flash Sale
2024-02-10,South,SKU-004,2634.13,60,None
2024-02-10,South,SKU-005,4339.18,129,Discount
2024-02-10,South,SKU-006,1910.45,34,None
2024-02-10,South,SKU-007,1728.89,23,None
2024-02-10,South,SKU-008,8770.99,197,Bundle
2024-02-10,South,SKU-009,1268.1,23,None
2024-02-10,South,SKU-010,4544.15,126,None
2024-02-10,East,SKU-001,1476.76,27,None
2024-02-10,East,SKU-002,1363.7,65,Discount
2024-02-10,East,SKU-003,5691.11,76,BOGO
2024-02-10,East,SKU-004,3269.88,141,None
2024-02-10,East,SKU-005,3024.05,53,None
2024-02-10,East,SKU-006,1990.38,49,None
2024-02-10,East,SKU-007,1528.82,38,None
2024-02-10,East,SKU-008,6943.28,134,None
2024-02-10,East,SKU-009,1257.84,51,None
2024-02-10,East,SKU-010,4594.5,130,None
2024-02-10,West,SKU-001,2016.62,75,Bundle
2024-02-10,West,SKU-002,1000.39,65,None
2024-02-10,West,SKU-003,3722.62,78,Discount
2024-02-10,West,SKU-004,3977.38,258,Bundle
2024-02-10,West,SKU-005,3250.9,61,Bundle
2024-02-10,West,SKU-006,2515.65,57,Bundle
2024-02-10,West,SKU-007,1442.72,28,None
2024-02-10,West,SKU-008,6838.93,277,Discount
2024-02-10,West,SKU-009,1895.81,26,BOGO
2024-02-10,West,SKU-010,6197.1,299,Discount
2024-02-11,North,SKU-001,1638.12,61,None
2024-02-11,North,SKU-002,1235.28,20,Discount
2024-02-11,North,SKU-003,3919.78,61,None
2024-02-11,North,SKU-004,5641.95,267,BOGO
2024-02-11,North,SKU-005,3633.86,49,Discount
2024-02-11,North,SKU-006,2175.42,31,None
2024-02-11,North,SKU-007,1473.65,62,None
2024-02-11,North,SKU-008,7774.49,185,Discount
2024-02-11,North,SKU-009,2195.66,40,Discount
2024-02-11,North,SKU-010,4882.72,62,None
2024-02-11,South,SKU-001,1683.33,28,None
2024-02-11,South,SKU-002,1148.21,16,Discount
2024-02-11,South,SKU-003,4672.01,58,Discount
2024-02-11,South,SKU-004,5633.53,102,BOGO
2024-02-11,South,SKU-005,3660.31,65,Bundle
2024-02-11,South,SKU-006,2878.83,39,Bundle
2024-02-11,South,SKU-007,2437.21,30,Discount
2024-02-11,South,SKU-008,5050.14,111,None
2024-02-11,South,SKU-009,1592.55,55,None
2024-02-11,South,SKU-010,8709.55,237,Flash Sale
2024-02-11,East,SKU-001,1908.45,67,Discount
2024-02-11,East,SKU-002,1066.54,54,Discount
2024-02-11,East,SKU-003,4637.42,128,Discount
2024-02-11,East,SKU-004,2542.69,69,None
2024-02-11,East,SKU-005,5784.26,105,Flash Sale
2024-02-11,East,SKU-006,2233.46,80,None
2024-02-11,East,SKU-007,3005.13,65,BOGO
2024-02-11,East,SKU-008,8669.83,152,Bundle
2024-02-11,East,SKU-009,1630.09,36,Bundle
2024-02-11,East,SKU-010,7481.5,110,BOGO
2024-02-11,West,SKU-001,1921.52,55,None
2024-02-11,West,SKU-002,1381.51,85,BOGO
2024-02-11,West,SKU-003,5919.07,81,BOGO
2024-02-11,West,SKU-004,3976.65,160,BOGO
2024-02-11,West,SKU-005,2613.86,66,None
2024-02-11,West,SKU-006,2027.58,50,None
2024-02-11,West,SKU-007,1841.13,28,None
2024-02-11,West,SKU-008,10337.11,316,BOGO
2024-02-11,West,SKU-009,1452.69,47,None
2024-02-11,West,SKU-010,6984.64,201,Bundle
2024-02-12,North,SKU-001,1719.83,43,Discount
2024-02-12,North,SKU-002,782.23,10,None
2024-02-12,North,SKU-003,3587.48,53,Bundle
2024-02-12,North,SKU-004,2195.47,29,None
2024-02-12,North,SKU-005,3618.41,148,Discount
2024-02-12,North,SKU-006,1854.71,24,None
2024-02-12,North,SKU-007,1181.1,67,None
2024-02-12,North,SKU-008,10243.92,209,Flash Sale
2024-02-12,North,SKU-009,1120.36,62,None
2024-02-12,North,SKU-010,3692.2,50,None
2024-02-12,South,SKU-001,1423.62,24,None
2024-02-12,South,SKU-002,797.34,12,Discount
2024-02-12,South,SKU-003,3578.05,130,Discount
2024-02-12,South,SKU-004,3553.69,54,Discount
2024-02-12,South,SKU-005,2116.3,83,None
2024-02-12,South,SKU-006,1324.43,23,None
2024-02-12,South,SKU-007,1181.84,31,None
2024-02-12,South,SKU-008,7219.4,94,BOGO
2024-02-12,South,SKU-009,1747.08,66,Discount
2024-02-12,South,SKU-010,5789.32,156,Discount
2024-02-12,East,SKU-001,1505.73,89,Bundle
2024-02-12,East,SKU-002,593.03,32,None
2024-02-12,East,SKU-003,5004.56,82,Flash Sale
2024-02-12,East,SKU-004,3409.37,96,Bundle
2024-02-12,East,SKU-005,3536.75,60,Discount
2024-02-12,East,SKU-006,1954.3,30,None
2024-02-12,East,SKU-007,1787.9,84,Bundle
2024-02-12,East,SKU-008,5416.89,153,Bundle
2024-02-12,East,SKU-009,1557.04,20,Bundle
2024-02-12,East,SKU-010,4527.4,82,None
2024-02-12,West,SKU-001,2161.67,35,BOGO
2024-02-12,West,SKU-002,1256.51,17,BOGO
2024-02-12,West,SKU-003,3561.02,185,Bundle
2024-02-12,West,SKU-004,2357.08,52,None
2024-02-12,West,SKU-005,2125.24,56,None
2024-02-12,West,SKU-006,1648.22,39,None
2024-02-12,West,SKU-007,1245.74,21,None
2024-02-12,West,SKU-008,7044.88,171,Discount
2024-02-12,West,SKU-009,2062.0,66,Flash Sale
2024-02-12,West,SKU-010,4705.89,117,None
2024-02-13,North,SKU-001,1995.54,33,BOGO
2024-02-13,North,SKU-002,1489.72,34,Flash Sale
2024-02-13,North,SKU-003,4483.25,147,BOGO
2024-02-13,North,SKU-004,2745.94,44,None
2024-02-13,North,SKU-005,2559.51,47,Bundle
2024-02-13,North,SKU-006,2686.73,39,BOGO
2024-02-13,North,SKU-007,1236.18,29,None
2024-02-13,North,SKU-008,5335.57,99,None
2024-02-13,North,SKU-009,2143.82,37,Flash Sale
2024-02-13,North,SKU-010,3308.06,48,None
2024-02-13,South,SKU-001,1557.2,26,None
2024-02-13,South,SKU-002,926.64,22,Bundle
2024-02-13,South,SKU-003,3143.23,53,Bundle
2024-02-13,South,SKU-004,3688.41,55,BOGO
2024-02-13,South,SKU-005,3804.79,50,Discount
2024-02-13,South,SKU-006,3144.35,59,BOGO
2024-02-13,South,SKU-007,2897.87,41,Flash Sale
2024-02-13,South,SKU-008,4707.17,92,None
2024-02-13,South,SKU-009,970.01,18,None
2024-02-13,South,SKU-010,5341.42,160,BOGO
2024-02-13,East,SKU-001,1262.46,20,None
2024-02-13,East,SKU-002,1404.59,22,Flash Sale
2024-02-13,East,SKU-003,4982.9,98,Flash Sale
2024-02-13,East,SKU-004,2480.81,91,None
2024-02-13,East,SKU-005,5030.64,130,Flash Sale
2024-02-13,East,SKU-006,2689.99,33,Flash Sale
2024-02-13,East,SKU-007,1143.12,58,None
2024-02-13,East,SKU-008,4259.69,58,None
2024-02-13,East,SKU-009,2740.31,115,Flash Sale
2024-02-13,East,SKU-010,4181.09,99,None
2024-02-13,West,SKU-001,2124.58,35,Bundle
2024-02-13,West,SKU-002,1403.54,31,Flash Sale
2024-02-13,West,SKU-003,5339.6,120,Flash Sale
2024-02-13,West,SKU-004,3569.73,83,BOGO
2024-02-13,West,SKU-005,2400.58,34,None
2024-02-13,West,SKU-006,2495.38,76,Discount
2024-02-13,West,SKU-007,1742.6,99,BOGO
2024-02-13,West,SKU-008,6986.28,312,Bundle
2024-02-13,West,SKU-009,1866.61,92,Bundle
2024-02-13,West,SKU-010,5460.72,271,Discount
2024-02-14,North,SKU-001,1268.11,22,None
2024-02-14,North,SKU-002,755.84,15,None
2024-02-14,North,SKU-003,4028.47,54,Discount
2024-02-14,North,SKU-004,2474.79,51,None
2024-02-14,North,SKU-005,3115.94,85,Bundle
2024-02-14,North,SKU-006,3113.11,46,BOGO
2024-02-14,North,SKU-007,1625.28,27,Discount
2024-02-14,North,SKU-008,7585.13,146,Discount
2024-02-14,North,SKU-009,1274.68,24,None
2024-02-14,North,SKU-010,4203.36,123,None
2024-02-14,South,SKU-001,1291.59,63,None
2024-02-14,South,SKU-002,802.97,24,None
2024-02-14,South,SKU-003,2880.52,87,None
2024-02-14,South,SKU-004,2826.65,127,Discount
2024-02-14,South,SKU-005,2709.91,42,None
2024-02-14,South,SKU-006,2024.63,76,Bundle
2024-02-14,South,SKU-007,1863.29,27,Discount
2024-02-14,South,SKU-008,4654.77,227,None
2024-02-14,South,SKU-009,1258.32,18,None
2024-02-14,South,SKU-010,5662.76,135,Bundle
2024-02-14,East,SKU-001,2401.59,55,Flash Sale
2024-02-14,East,SKU-002,622.58,9,None
2024-02-14,East,SKU-003,3619.56,112,BOGO
2024-02-14,East,SKU-004,2057.45,45,None
2024-02-14,East,SKU-005,2785.94,43,Bundle
2024-02-14,East,SKU-006,2189.61,35,Discount
2024-02-14,East,SKU-007,1575.42,31,Bundle
2024-02-14,East,SKU-008,7594.62,100,Flash Sale
2024-02-14,East,SKU-009,1501.23,42,Bundle
2024-02-14,East,SKU-010,3318.87,67,None
2024-02-14,West,SKU-001,2671.44,62,BOGO
2024-02-14,West,SKU-002,920.54,28,Discount
2024-02-14,West,SKU-003,2483.58,46,None
2024-02-14,West,SKU-004,3613.75,56,Bundle
2024-02-14,West,SKU-005,3285.21,55,Discount
2024-02-14,West,SKU-006,1520.28,96,None
2024-02-14,West,SKU-007,1516.65,96,None
2024-02-14,West,SKU-008,5017.2,84,None
2024-02-14,West,SKU-009,1721.56,51,BOGO
2024-02-14,West,SKU-010,4506.13,81,Discount
2024-02-15,North,SKU-001,1659.67,28,None
2024-02-15,North,SKU-002,1163.2,20,Discount
2024-02-15,North,SKU-003,2297.53,42,None
2024-02-15,North,SKU-004,5059.26,68,Flash Sale
2024-02-15,North,SKU-005,2696.76,44,None
2024-02-15,North,SKU-006,2111.19,36,Discount
2024-02-15,North,SKU-007,1413.33,18,None
2024-02-15,North,SKU-008,7703.03,128,Discount
2024-02-15,North,SKU-009,1750.97,26,BOGO
2024-02-15,North,SKU-010,6152.29,154,Discount
2024-02-15,South,SKU-001,2707.39,85,BOGO
2024-02-15,South,SKU-002,858.63,44,Discount
2024-02-15,South,SKU-003,4024.25,151,Discount
2024-02-15,South,SKU-004,2747.54,54,Bundle
2024-02-15,South,SKU-005,3924.95,69,Flash Sale
2024-02-15,South,SKU-006,2319.93,106,Bundle
2024-02-15,South,SKU-007,1108.91,17,None
2024-02-15,South,SKU-008,5214.15,110,Bundle
2024-02-15,South,SKU-009,1421.87,24,None
2024-02-15,South,SKU-010,4766.59,130,Discount
2024-02-15,East,SKU-001,2762.9,56,Flash Sale
2024-02-15,East,SKU-002,907.2,21,Bundle
2024-02-15,East,SKU-003,2797.19,183,None
2024-02-15,East,SKU-004,2764.18,55,Bundle
2024-02-15,East,SKU-005,3476.64,100,BOGO
2024-02-15,East,SKU-006,1729.93,22,None
2024-02-15,East,SKU-007,1266.88,17,None
2024-02-15,East,SKU-008,6613.52,147,BOGO
2024-02-15,East,SKU-009,1797.11,67,Discount
2024-02-15,East,SKU-010,4695.79,81,None
2024-02-15,West,SKU-001,2131.69,29,Discount
2024-02-15,West,SKU-002,1120.32,15,BOGO
2024-02-15,West,SKU-003,3915.78,162,Bundle
2024-02-15,West,SKU-004,2842.32,35,Discount
2024-02-15,West,SKU-005,3245.16,169,Discount
2024-02-15,West,SKU-006,2299.91,29,Discount
2024-02-15,West,SKU-007,2065.57,128,Bundle
2024-02-15,West,SKU-008,6535.95,98,BOGO
2024-02-15,West,SKU-009,1166.19,40,None
2024-02-15,West,SKU-010,6048.12,84,Bundle
2024-02-16,North,SKU-001,1548.15,51,None
2024-02-16,North,SKU-002,573.58,23,None
2024-02-16,North,SKU-003,2721.31,36,None
2024-02-16,North,SKU-004,2248.06,39,None
2024-02-16,North,SKU-005,2022.8,110,None
2024-02-16,North,SKU-006,2595.31,121,Discount
2024-02-16,North,SKU-007,1518.61,79,None
2024-02-16,North,SKU-008,4200.45,78,None
2024-02-16,North,SKU-009,1400.27,49,Discount
2024-02-16,North,SKU-010,7118.32,90,BOGO
2024-02-16,South,SKU-001,2494.18,31,Flash Sale
2024-02-16,South,SKU-002,653.76,8,None
2024-02-16,South,SKU-003,4261.55,79,Discount
2024-02-16,South,SKU-004,3309.08,100,BOGO
2024-02-16,South,SKU-005,3835.89,98,Flash Sale
2024-02-16,South,SKU-006,1602.69,21,None
2024-02-16,South,SKU-007,1142.63,17,None
2024-02-16,South,SKU-008,10485.45,654,Flash Sale
2024-02-16,South,SKU-009,1311.35,84,Bundle
2024-02-16,South,SKU-010,4283.15,79,None
2024-02-16,East,SKU-001,1910.56,28,Discount
2024-02-16,East,SKU-002,985.62,34,Bundle
2024-02-16,East,SKU-003,3889.79,93,Discount
2024-02-16,East,SKU-004,2616.8,149,None
2024-02-16,East,SKU-005,2530.26,46,None
2024-02-16,East,SKU-006,1726.59,26,None
2024-02-16,East,SKU-007,2072.8,40,BOGO
2024-02-16,East,SKU-008,5889.89,119,Discount
2024-02-16,East,SKU-009,1269.65,17,None
2024-02-16,East,SKU-010,5459.13,97,Discount
2024-02-16,West,SKU-001,1800.02,65,Discount
2024-02-16,West,SKU-002,756.16,9,None
2024-02-16,West,SKU-003,3575.34,140,Bundle
2024-02-16,West,SKU-004,2058.96,53,None
2024-02-16,West,SKU-005,3174.03,86,Discount
2024-02-16,West,SKU-006,1745.73,27,Bundle
2024-02-16,West,SKU-007,1155.85,68,None
2024-02-16,West,SKU-008,4114.38,135,None
2024-02-16,West,SKU-009,1634.03,45,Bundle
2024-02-16,West,SKU-010,6085.79,82,Discount
2024-02-17,North,SKU-001,2636.87,72,Discount
2024-02-17,North,SKU-002,755.97,18,None
2024-02-17,North,SKU-003,4394.77,149,Discount
2024-02-17,North,SKU-004,4042.42,218,Bundle
2024-02-17,North,SKU-005,4554.0,60,Flash Sale
2024-02-17,North,SKU-006,2233.02,56,Bundle
2024-02-17,North,SKU-007,2272.51,40,Bundle
2024-02-17,North,SKU-008,7350.59,315,Discount
2024-02-17,North,SKU-009,1326.76,59,None
2024-02-17,North,SKU-010,6069.11,232,Bundle
2024-02-17,South,SKU-001,2407.24,70,BOGO
2024-02-17,South,SKU-002,942.64,16,None
2024-02-17,South,SKU-003,3406.83,66,None
2024-02-17,South,SKU-004,3513.69,49,Discount
2024-02-17,South,SKU-005,4157.84,143,Bundle
2024-02-17,South,SKU-006,2908.57,87,Bundle
2024-02-17,South,SKU-007,3341.33,107,Flash Sale
2024-02-17,South,SKU-008,9285.82,315,BOGO
2024-02-17,South,SKU-009,1695.11,23,None
2024-02-17,South,SKU-010,10752.12,610,Flash Sale
2024-02-17,East,SKU-001,2408.43,50,Bundle
2024-02-17,East,SKU-002,1625.1,35,Flash Sale
2024-02-17,East,SKU-003,3240.75,105,None
2024-02-17,East,SKU-004,3239.55,78,None
2024-02-17,East,SKU-005,3336.45,97,Discount
2024-02-17,East,SKU-006,1589.84,27,None
2024-02-17,East,SKU-007,1737.47,24,None
2024-02-17,East,SKU-008,7096.26,157,None
2024-02-17,East,SKU-009,1672.09,40,None
2024-02-17,East,SKU-010,7980.8,131,BOGO
2024-02-17,West,SKU-001,1938.65,98,None
2024-02-17,West,SKU-002,1368.4,39,BOGO
2024-02-17,West,SKU-003,4991.44,91,Discount
2024-02-17,West,SKU-004,4694.56,231,Discount
2024-02-17,West,SKU-005,4891.28,263,BOGO
2024-02-17,West,SKU-006,3644.12,164,BOGO
2024-02-17,West,SKU-007,2535.25,143,BOGO
2024-02-17,West,SKU-008,8297.9,161,BOGO
2024-02-17,West,SKU-009,1489.75,22,None
2024-02-17,West,SKU-010,5661.04,185,None
2024-02-18,North,SKU-001,1795.41,28,None
2024-02-18,North,SKU-002,1302.49,20,Discount
2024-02-18,North,SKU-003,4974.35,153,BOGO
2024-02-18,North,SKU-004,5204.35,272,Flash Sale
2024-02-18,North,SKU-005,4384.67,92,BOGO
2024-02-18,North,SKU-006,1948.07,39,None
2024-02-18,North,SKU-007,2206.31,56,Discount
2024-02-18,North,SKU-008,5217.39,72,None
2024-02-18,North,SKU-009,1210.16,16,None
2024-02-18,North,SKU-010,7864.32,393,Discount
2024-02-18,South,SKU-001,1542.54,25,None
2024-02-18,South,SKU-002,944.71,33,Bundle
2024-02-18,South,SKU-003,3030.29,38,None
2024-02-18,South,SKU-004,2975.81,70,None
2024-02-18,South,SKU-005,2560.63,134,None
2024-02-18,South,SKU-006,3130.05,64,Discount
2024-02-18,South,SKU-007,2480.07,66,BOGO
2024-02-18,South,SKU-008,9483.8,162,BOGO
2024-02-18,South,SKU-009,1858.96,35,Bundle
2024-02-18,South,SKU-010,5773.42,180,Discount
2024-02-18,East,SKU-001,2089.85,61,Bundle
2024-02-18,East,SKU-002,725.97,21,None
2024-02-18,East,SKU-003,3460.36,135,None
2024-02-18,East,SKU-004,3675.03,139,Discount
2024-02-18,East,SKU-005,2415.07,106,None
2024-02-18,East,SKU-006,3248.6,74,BOGO
2024-02-18,East,SKU-007,2246.43,43,BOGO
2024-02-18,East,SKU-008,6355.11,80,None
2024-02-18,East,SKU-009,1380.47,27,None
2024-02-18,East,SKU-010,4811.08,210,None
2024-02-18,West,SKU-001,1629.72,34,None
2024-02-18,West,SKU-002,996.12,13,None
2024-02-18,West,SKU-003,2648.55,42,None
2024-02-18,West,SKU-004,5094.91,148,BOGO
2024-02-18,West,SKU-005,4645.7,72,Discount
2024-02-18,West,SKU-006,2207.86,35,None
2024-02-18,West,SKU-007,1954.06,87,Bundle
2024-02-18,West,SKU-008,8988.82,373,Bundle
2024-02-18,West,SKU-009,1342.75,32,None
2024-02-18,West,SKU-010,6502.45,309,Discount
2024-02-19,North,SKU-001,1473.08,53,None
2024-02-19,North,SKU-002,1096.49,16,Discount
2024-02-19,North,SKU-003,3118.12,62,Discount
2024-02-19,North,SKU-004,3488.53,45,Bundle
2024-02-19,North,SKU-005,3882.6,108,Flash Sale
2024-02-19,North,SKU-006,1911.43,49,None
2024-02-19,North,SKU-007,1454.67,33,None
2024-02-19,North,SKU-008,8957.25,267,Flash Sale
2024-02-19,North,SKU-009,1790.34,40,BOGO
2024-02-19,North,SKU-010,3506.12,48,None
2024-02-19,South,SKU-001,3008.69,89,Flash Sale
2024-02-19,South,SKU-002,1459.91,34,Flash Sale
2024-02-19,South,SKU-003,2360.58,68,None
2024-02-19,South,SKU-004,3313.72,42,BOGO
2024-02-19,South,SKU-005,3695.05,88,Flash Sale
2024-02-19,South,SKU-006,2221.55,43,Discount
2024-02-19,South,SKU-007,1177.92,17,None
2024-02-19,South,SKU-008,7103.63,400,Discount
2024-02-19,South,SKU-009,1923.89,55,Discount
2024-02-19,South,SKU-010,4576.11,68,Bundle
2024-02-19,East,SKU-001,1277.96,16,None
2024-02-19,East,SKU-002,777.62,13,Bundle
2024-02-19,East,SKU-003,3726.48,79,Discount
2024-02-19,East,SKU-004,2846.64,43,Discount
2024-02-19,East,SKU-005,3624.82,187,Bundle
2024-02-19,East,SKU-006,2714.04,52,BOGO
2024-02-19,East,SKU-007,1970.58,42,Discount
2024-02-19,East,SKU-008,4715.08,75,None
2024-02-19,East,SKU-009,1379.39,53,None
2024-02-19,East,SKU-010,3396.05,75,None
2024-02-19,West,SKU-001,1331.45,72,None
2024-02-19,West,SKU-002,1090.14,14,BOGO
2024-02-19,West,SKU-003,3609.67,106,BOGO
2024-02-19,West,SKU-004,2519.9,38,None
2024-02-19,West,SKU-005,2574.48,47,None
2024-02-19,West,SKU-006,1671.73,23,None
2024-02-19,West,SKU-007,1703.23,28,Discount
2024-02-19,West,SKU-008,6662.4,126,BOGO
2024-02-19,West,SKU-009,975.85,20,None
2024-02-19,West,SKU-010,7035.5,168,BOGO
2024-02-20,North,SKU-001,1187.45,47,None
2024-02-20,North,SKU-002,1116.32,16,Discount
2024-02-20,North,SKU-003,2661.98,35,None
2024-02-20,North,SKU-004,2825.61,37,None
2024-02-20,North,SKU-005,2842.65,47,Bundle
2024-02-20,North,SKU-006,1851.36,25,None
2024-02-20,North,SKU-007,1861.49,53,BOGO
2024-02-20,North,SKU-008,4415.38,62,None
2024-02-20,North,SKU-009,1303.17,37,None
2024-02-20,North,SKU-010,4719.2,234,Discount
2024-02-20,South,SKU-001,1173.5,17,None
2024-02-20,South,SKU-002,1092.83,49,Flash Sale
2024-02-20,South,SKU-003,2718.95,36,None
2024-02-20,South,SKU-004,2071.21,35,None
2024-02-20,South,SKU-005,2590.94,34,None
2024-02-20,South,SKU-006,2380.8,85,Discount
2024-02-20,South,SKU-007,1738.99,71,BOGO
2024-02-20,South,SKU-008,8202.12,218,Discount
2024-02-20,South,SKU-009,1384.17,21,None
2024-02-20,South,SKU-010,5549.28,285,Discount
2024-02-20,East,SKU-001,1428.29,23,None
2024-02-20,East,SKU-002,856.2,13,Discount
2024-02-20,East,SKU-003,3274.51,152,None
2024-02-20,East,SKU-004,4098.48,58,Discount
2024-02-20,East,SKU-005,2864.75,53,Bundle
2024-02-20,East,SKU-006,2284.15,103,Bundle
2024-02-20,East,SKU-007,2554.86,60,BOGO
2024-02-20,East,SKU-008,6696.73,103,Discount
2024-02-20,East,SKU-009,1647.25,74,BOGO
2024-02-20,East,SKU-010,3949.38,102,None
2024-02-20,West,SKU-001,2021.98,114,Discount
2024-02-20,West,SKU-002,1123.57,28,BOGO
2024-02-20,West,SKU-003,3722.61,105,Bundle
2024-02-20,West,SKU-004,2900.58,69,Bundle
2024-02-20,West,SKU-005,3872.57,198,Flash Sale
2024-02-20,West,SKU-006,2511.03,64,Bundle
2024-02-20,West,SKU-007,1606.12,34,None
2024-02-20,West,SKU-008,4761.11,97,None
2024-02-20,West,SKU-009,1027.4,25,None
2024-02-20,West,SKU-010,4338.04,59,None
2024-02-21,North,SKU-001,1166.15,14,None
2024-02-21,North,SKU-002,991.35,14,BOGO
2024-02-21,North,SKU-003,4441.41,63,Flash Sale
2024-02-21,North,SKU-004,2969.18,48,Bundle
2024-02-21,North,SKU-005,3593.34,53,Discount
2024-02-21,North,SKU-006,2942.01,50,Flash Sale
2024-02-21,North,SKU-007,3040.22,63,Flash Sale
2024-02-21,North,SKU-008,5499.46,249,None
2024-02-21,North,SKU-009,1689.57,56,Discount
2024-02-21,North,SKU-010,3211.83,51,None
2024-02-21,South,SKU-001,1410.95,84,None
2024-02-21,South,SKU-002,670.95,11,None
2024-02-21,South,SKU-003,2535.79,45,None
2024-02-21,South,SKU-004,2667.47,54,None
2024-02-21,South,SKU-005,3380.77,120,Bundle
2024-02-21,South,SKU-006,2127.57,66,Bundle
2024-02-21,South,SKU-007,2407.61,48,BOGO
2024-02-21,South,SKU-008,5866.19,343,None
2024-02-21,South,SKU-009,2652.94,116,Flash Sale
2024-02-21,South,SKU-010,4761.33,120,Bundle
2024-02-21,East,SKU-001,1494.9,56,Bundle
2024-02-21,East,SKU-002,1137.26,44,Discount
2024-02-21,East,SKU-003,4465.95,72,Flash Sale
2024-02-21,East,SKU-004,3601.84,69,Bundle
2024-02-21,East,SKU-005,3220.18,54,Bundle
2024-02-21,East,SKU-006,2115.32,29,Bundle
2024-02-21,East,SKU-007,1280.83,27,None
2024-02-21,East,SKU-008,9878.74,260,Flash Sale
2024-02-21,East,SKU-009,1574.96,93,Discount
2024-02-21,East,SKU-010,3367.66,86,None
2024-02-21,West,SKU-001,1561.78,28,None
2024-02-21,West,SKU-002,1122.17,29,Flash Sale
2024-02-21,West,SKU-003,4249.63,227,BOGO
2024-02-21,West,SKU-004,3154.21,55,Discount
2024-02-21,West,SKU-005,2710.15,140,None
2024-02-21,West,SKU-006,1945.48,74,Discount
2024-02-21,West,SKU-007,1745.95,30,BOGO
2024-02-21,West,SKU-008,9694.18,131,Flash Sale
2024-02-21,West,SKU-009,1371.29,30,Discount
2024-02-21,West,SKU-010,4724.67,119,None
2024-02-22,North,SKU-001,2492.24,116,Flash Sale
2024-02-22,North,SKU-002,768.79,13,Bundle
2024-02-22,North,SKU-003,4399.04,64,BOGO
2024-02-22,North,SKU-004,3474.92,100,BOGO
2024-02-22,North,SKU-005,3895.53,69,Flash Sale
2024-02-22,North,SKU-006,1866.7,37,None
2024-02-22,North,SKU-007,1698.5,49,Discount
2024-02-22,North,SKU-008,10587.15,190,Flash Sale
2024-02-22,North,SKU-009,1317.54,25,None
2024-02-22,North,SKU-010,5755.8,111,BOGO
2024-02-22,South,SKU-001,1782.08,47,Bundle
2024-02-22,South,SKU-002,746.67,21,None
2024-02-22,South,SKU-003,3750.77,74,Discount
2024-02-22,South,SKU-004,3388.15,108,Discount
2024-02-22,South,SKU-005,3234.08,63,Bundle
2024-02-22,South,SKU-006,1727.02,35,None
2024-02-22,South,SKU-007,1380.16,47,None
2024-02-22,South,SKU-008,5857.72,103,Bundle
2024-02-22,South,SKU-009,2703.15,43,Flash Sale
2024-02-22,South,SKU-010,3991.24,103,None
2024-02-22,East,SKU-001,1265.36,19,None
2024-02-22,East,SKU-002,1121.27,26,Discount
2024-02-22,East,SKU-003,2900.48,41,None
2024-02-22,East,SKU-004,3962.68,69,Discount
2024-02-22,East,SKU-005,3502.8,115,Discount
2024-02-22,East,SKU-006,1944.64,70,Discount
2024-02-22,East,SKU-007,2097.34,59,Discount
2024-02-22,East,SKU-008,6611.62,152,Bundle
2024-02-22,East,SKU-009,1067.52,32,None
2024-02-22,East,SKU-010,3573.69,53,None
2024-02-22,West,SKU-001,1493.5,84,None
2024-02-22,West,SKU-002,1018.52,54,Bundle
2024-02-22,West,SKU-003,2548.07,74,None
2024-02-22,West,SKU-004,2907.54,70,None
2024-02-22,West,SKU-005,3980.58,54,BOGO
2024-02-22,West,SKU-006,3675.07,59,Flash Sale
2024-02-22,West,SKU-007,1197.62,22,None
2024-02-22,West,SKU-008,5010.63,72,None
2024-02-22,West,SKU-009,1694.39,81,Discount
2024-02-22,West,SKU-010,4388.3,124,None
2024-02-23,North,SKU-001,3011.0,47,Flash Sale
2024-02-23,North,SKU-002,1186.72,54,Flash Sale
2024-02-23,North,SKU-003,4578.67,105,Discount
2024-02-23,North,SKU-004,4017.68,215,Discount
2024-02-23,North,SKU-005,4022.21,180,BOGO
2024-02-23,North,SKU-006,3090.3,99,Flash Sale
2024-02-23,North,SKU-007,2159.11,28,Discount
2024-02-23,North,SKU-008,7868.43,202,BOGO
2024-02-23,North,SKU-009,1371.74,17,Discount
2024-02-23,North,SKU-010,4496.35,77,None
2024-02-23,South,SKU-001,1519.7,22,None
2024-02-23,South,SKU-002,888.22,22,Discount
2024-02-23,South,SKU-003,5115.13,85,BOGO
2024-02-23,South,SKU-004,4010.31,99,Discount
2024-02-23,South,SKU-005,5179.58,69,Flash Sale
2024-02-23,South,SKU-006,1923.2,28,Discount
2024-02-23,South,SKU-007,1722.7,24,Discount
2024-02-23,South,SKU-008,5793.29,103,None
2024-02-23,South,SKU-009,2569.3,78,Flash Sale
2024-02-23,South,SKU-010,4467.43,58,None
2024-02-23,East,SKU-001,2009.57,26,Bundle
2024-02-23,East,SKU-002,1224.35,17,BOGO
2024-02-23,East,SKU-003,3110.23,51,None
2024-02-23,East,SKU-004,2357.5,43,None
2024-02-23,East,SKU-005,3655.16,217,BOGO
2024-02-23,East,SKU-006,1735.91,64,None
2024-02-23,East,SKU-007,1943.33,81,Bundle
2024-02-23,East,SKU-008,8305.11,238,Flash Sale
2024-02-23,East,SKU-009,1023.33,32,None
2024-02-23,East,SKU-010,4505.03,75,None
2024-02-23,West,SKU-001,2215.36,30,BOGO
2024-02-23,West,SKU-002,636.61,10,None
2024-02-23,West,SKU-003,4932.55,176,BOGO
2024-02-23,West,SKU-004,4509.24,111,Flash Sale
2024-02-23,West,SKU-005,5210.1,71,Flash Sale
2024-02-23,West,SKU-006,1859.24,112,Discount
2024-02-23,West,SKU-007,2179.67,27,Discount
2024-02-23,West,SKU-008,6291.2,89,Discount
2024-02-23,West,SKU-009,1164.02,27,None
2024-02-23,West,SKU-010,4761.37,61,Discount
2024-02-24,North,SKU-001,1997.52,88,None
2024-02-24,North,SKU-002,1780.63,23,Flash Sale
2024-02-24,North,SKU-003,3639.33,59,Bundle
2024-02-24,North,SKU-004,4961.25,73,Discount
2024-02-24,North,SKU-005,3579.32,75,Discount
2024-02-24,North,SKU-006,1917.43,67,None
2024-02-24,North,SKU-007,2695.11,80,Discount
2024-02-24,North,SKU-008,8071.96,194,Discount
2024-02-24,North,SKU-009,1180.26,15,None
2024-02-24,North,SKU-010,6958.92,94,Discount
2024-02-24,South,SKU-001,2800.94,49,BOGO
2024-02-24,South,SKU-002,679.33,28,None
2024-02-24,South,SKU-003,6288.78,153,BOGO
2024-02-24,South,SKU-004,4569.34,74,Discount
2024-02-24,South,SKU-005,3243.12,63,Discount
2024-02-24,South,SKU-006,1839.79,60,None
2024-02-24,South,SKU-007,3081.7,40,BOGO
2024-02-24,South,SKU-008,4781.1,100,None
2024-02-24,South,SKU-009,2545.06,62,Flash Sale
2024-02-24,South,SKU-010,6478.18,88,BOGO
2024-02-24,East,SKU-001,1748.95,54,None
2024-02-24,East,SKU-002,1287.28,17,Bundle
2024-02-24,East,SKU-003,2761.34,45,None
2024-02-24,East,SKU-004,4895.01,216,Flash Sale
2024-02-24,East,SKU-005,3328.31,70,None
2024-02-24,East,SKU-006,3033.86,40,Discount
2024-02-24,East,SKU-007,2611.96,81,Discount
2024-02-24,East,SKU-008,8401.21,193,Discount
2024-02-24,East,SKU-009,1347.09,16,None
2024-02-24,East,SKU-010,4852.92,64,None
2024-02-24,West,SKU-001,1809.07,73,Bundle
2024-02-24,West,SKU-002,1032.82,22,Discount
2024-02-24,West,SKU-003,3575.77,82,None
2024-02-24,West,SKU-004,3191.28,83,Bundle
2024-02-24,West,SKU-005,3570.32,160,Bundle
2024-02-24,West,SKU-006,1674.8,79,None
2024-02-24,West,SKU-007,1962.17,75,Discount
2024-02-24,West,SKU-008,8555.67,147,Discount
2024-02-24,West,SKU-009,2104.21,26,Discount
2024-02-24,West,SKU-010,4588.49,229,None
2024-02-25,North,SKU-001,2358.59,32,Bundle
2024-02-25,North,SKU-002,771.9,9,None
2024-02-25,North,SKU-003,3163.75,59,None
2024-02-25,North,SKU-004,3412.54,136,None
2024-02-25,North,SKU-005,2749.16,45,None
2024-02-25,North,SKU-006,2515.98,32,Bundle
2024-02-25,North,SKU-007,1497.17,83,None
2024-02-25,North,SKU-008,7205.86,115,Bundle
2024-02-25,North,SKU-009,1286.48,70,None
2024-02-25,North,SKU-010,6175.99,331,Discount
2024-02-25,South,SKU-001,1726.36,31,None
2024-02-25,South,SKU-002,810.62,30,None
2024-02-25,South,SKU-003,5245.4,74,Flash Sale
2024-02-25,South,SKU-004,2873.08,69,None
2024-02-25,South,SKU-005,2369.65,50,None
2024-02-25,South,SKU-006,4099.5,54,Flash Sale
2024-02-25,South,SKU-007,1516.2,71,None
2024-02-25,South,SKU-008,9584.91,204,BOGO
2024-02-25,South,SKU-009,2737.32,53,Flash Sale
2024-02-25,South,SKU-010,7541.25,177,Flash Sale
2024-02-25,East,SKU-001,2834.52,65,BOGO
2024-02-25,East,SKU-002,1343.77,27,Flash Sale
2024-02-25,East,SKU-003,4597.78,80,Bundle
2024-02-25,East,SKU-004,3525.24,71,None
2024-02-25,East,SKU-005,2559.72,58,None
2024-02-25,East,SKU-006,2358.44,29,Bundle
2024-02-25,East,SKU-007,2556.84,52,Discount
2024-02-25,East,SKU-008,8573.32,168,Discount
2024-02-25,East,SKU-009,1462.2,30,None
2024-02-25,East,SKU-010,7556.63,130,Flash Sale
2024-02-25,West,SKU-001,2235.01,42,Discount
2024-02-25,West,SKU-002,714.34,12,None
2024-02-25,West,SKU-003,3681.77,52,None
2024-02-25,West,SKU-004,2505.95,34,None
2024-02-25,West,SKU-005,3619.97,58,Discount
2024-02-25,West,SKU-006,2690.01,83,Bundle
2024-02-25,West,SKU-007,1421.1,70,None
2024-02-25,West,SKU-008,9584.95,437,Discount
2024-02-25,West,SKU-009,1166.92,51,None
2024-02-25,West,SKU-010,5043.05,112,None
2024-02-26,North,SKU-001,3078.55,39,Flash Sale
2024-02-26,North,SKU-002,843.01,12,Bundle
2024-02-26,North,SKU-003,4740.73,61,BOGO
2024-02-26,North,SKU-004,5341.61,258,Flash Sale
2024-02-26,North,SKU-005,1875.32,84,None
2024-02-26,North,SKU-006,1771.83,65,None
2024-02-26,North,SKU-007,1183.26,20,None
2024-02-26,North,SKU-008,6775.19,121,Discount
2024-02-26,North,SKU-009,1415.87,21,Discount
2024-02-26,North,SKU-010,3914.84,238,None
2024-02-26,South,SKU-001,1639.28,26,None
2024-02-26,South,SKU-002,1085.01,23,Bundle
2024-02-26,South,SKU-003,3700.91,131,Bundle
2024-02-26,South,SKU-004,3906.1,251,Flash Sale
2024-02-26,South,SKU-005,5271.55,75,Flash Sale
2024-02-26,South,SKU-006,1874.22,45,Discount
2024-02-26,South,SKU-007,1554.03,82,Bundle
2024-02-26,South,SKU-008,4812.04,135,None
2024-02-26,South,SKU-009,1099.45,19,None
2024-02-26,South,SKU-010,4354.8,78,Bundle
2024-02-26,East,SKU-001,2212.5,51,BOGO
2024-02-26,East,SKU-002,644.3,23,None
2024-02-26,East,SKU-003,4295.76,89,BOGO
2024-02-26,East,SKU-004,4686.0,66,BOGO
2024-02-26,East,SKU-005,2579.9,75,Bundle
2024-02-26,East,SKU-006,3695.85,53,Flash Sale
2024-02-26,East,SKU-007,2396.04,35,BOGO
2024-02-26,East,SKU-008,5209.08,156,None
2024-02-26,East,SKU-009,1292.99,55,None
2024-02-26,East,SKU-010,4777.01,101,Discount
2024-02-26,West,SKU-001,3158.25,67,Flash Sale
2024-02-26,West,SKU-002,871.05,48,Discount
2024-02-26,West,SKU-003,2597.5,81,None
2024-02-26,West,SKU-004,2179.93,30,None
2024-02-26,West,SKU-005,2613.71,70,None
2024-02-26,West,SKU-006,1720.26,75,None
2024-02-26,West,SKU-007,1864.38,23,Discount
2024-02-26,West,SKU-008,8803.51,135,BOGO
2024-02-26,West,SKU-009,1965.79,27,Discount
2024-02-26,West,SKU-010,4282.62,56,None
2024-02-27,North,SKU-001,2055.13,26,Bundle
2024-02-27,North,SKU-002,837.66,12,None
2024-02-27,North,SKU-003,3109.36,175,None
2024-02-27,North,SKU-004,2172.25,95,None
2024-02-27,North,SKU-005,3794.99,150,Discount
2024-02-27,North,SKU-006,2491.73,38,Discount
2024-02-27,North,SKU-007,1902.62,88,Bundle
2024-02-27,North,SKU-008,7421.44,309,BOGO
2024-02-27,North,SKU-009,1655.47,39,Discount
2024-02-27,North,SKU-010,3552.99,52,None
2024-02-27,South,SKU-001,2066.5,79,BOGO
2024-02-27,South,SKU-002,935.31,14,Discount
2024-02-27,South,SKU-003,4632.86,149,BOGO
2024-02-27,South,SKU-004,5308.42,221,Flash Sale
2024-02-27,South,SKU-005,4270.0,102,Flash Sale
2024-02-27,South,SKU-006,2521.93,51,Bundle
2024-02-27,South,SKU-007,2522.67,57,BOGO
2024-02-27,South,SKU-008,5399.38,111,None
2024-02-27,South,SKU-009,1010.7,28,None
2024-02-27,South,SKU-010,3851.68,94,None
2024-02-27,East,SKU-001,1502.47,26,None
2024-02-27,East,SKU-002,838.53,10,None
2024-02-27,East,SKU-003,3729.79,51,Discount
2024-02-27,East,SKU-004,3819.32,107,Discount
2024-02-27,East,SKU-005,2991.61,90,BOGO
2024-02-27,East,SKU-006,1774.63,40,None
2024-02-27,East,SKU-007,2165.22,38,Discount
2024-02-27,East,SKU-008,6967.14,95,Bundle
2024-02-27,East,SKU-009,2556.48,35,Flash Sale
2024-02-27,East,SKU-010,3223.3,87,None
2024-02-27,West,SKU-001,1423.56,28,None
2024-02-27,West,SKU-002,825.07,16,Discount
2024-02-27,West,SKU-003,4857.7,191,BOGO
2024-02-27,West,SKU-004,2897.26,57,None
2024-02-27,West,SKU-005,2921.99,44,Discount
2024-02-27,West,SKU-006,3729.75,168,Flash Sale
2024-02-27,West,SKU-007,1521.95,47,None
2024-02-27,West,SKU-008,6751.35,105,BOGO
2024-02-27,West,SKU-009,1187.15,22,None
2024-02-27,West,SKU-010,3881.86,49,None
2024-02-28,North,SKU-001,1858.46,55,Discount
2024-02-28,North,SKU-002,764.36,15,None
2024-02-28,North,SKU-003,3245.59,66,Discount
2024-02-28,North,SKU-004,3961.46,102,Discount
2024-02-28,North,SKU-005,1998.87,46,None
2024-02-28,North,SKU-006,2599.69,136,Flash Sale
2024-02-28,North,SKU-007,1326.28,30,None
2024-02-28,North,SKU-008,8509.3,206,BOGO
2024-02-28,North,SKU-009,2645.47,49,Flash Sale
2024-02-28,North,SKU-010,9009.19,150,Flash Sale
2024-02-28,South,SKU-001,2005.74,47,Bundle
2024-02-28,South,SKU-002,603.85,25,None
2024-02-28,South,SKU-003,3048.34,50,Bundle
2024-02-28,South,SKU-004,2700.94,60,None
2024-02-28,South,SKU-005,2557.54,33,None
2024-02-28,South,SKU-006,3072.22,135,BOGO
2024-02-28,South,SKU-007,2147.56,55,Flash Sale
2024-02-28,South,SKU-008,5675.09,227,Discount
2024-02-28,South,SKU-009,1787.88,45,BOGO
2024-02-28,South,SKU-010,5507.22,82,Discount
2024-02-28,East,SKU-001,1572.29,37,None
2024-02-28,East,SKU-002,1138.98,39,Discount
2024-02-28,East,SKU-003,2866.11,56,Bundle
2024-02-28,East,SKU-004,2877.32,68,None
2024-02-28,East,SKU-005,3344.94,45,Discount
2024-02-28,East,SKU-006,3090.77,50,Flash Sale
2024-02-28,East,SKU-007,1479.3,30,None
2024-02-28,East,SKU-008,7132.97,122,Bundle
2024-02-28,East,SKU-009,1389.6,38,None
2024-02-28,East,SKU-010,7177.37,97,Flash Sale
2024-02-28,West,SKU-001,2296.25,29,BOGO
2024-02-28,West,SKU-002,1001.56,17,Bundle
2024-02-28,West,SKU-003,2981.18,57,None
2024-02-28,West,SKU-004,3594.07,155,Discount
2024-02-28,West,SKU-005,2041.59,36,None
2024-02-28,West,SKU-006,1943.53,39,None
2024-02-28,West,SKU-007,1742.54,107,Bundle
2024-02-28,West,SKU-008,5885.65,179,None
2024-02-28,West,SKU-009,1523.92,25,Discount
2024-02-28,West,SKU-010,4288.37,86,Bundle
2024-02-29,North,SKU-001,2170.46,121,BOGO
2024-02-29,North,SKU-002,658.93,24,None
2024-02-29,North,SKU-003,3149.04,88,None
2024-02-29,North,SKU-004,2934.46,37,Discount
2024-02-29,North,SKU-005,2128.12,79,None
2024-02-29,North,SKU-006,1415.76,18,None
2024-02-29,North,SKU-007,1102.75,14,None
2024-02-29,North,SKU-008,4027.58,214,None
2024-02-29,North,SKU-009,1933.2,79,Flash Sale
2024-02-29,North,SKU-010,5716.73,75,BOGO
2024-02-29,South,SKU-001,1158.9,37,None
2024-02-29,South,SKU-002,982.83,15,Discount
2024-02-29,South,SKU-003,6170.88,189,Flash Sale
2024-02-29,South,SKU-004,3953.18,95,BOGO
2024-02-29,South,SKU-005,2456.11,43,Bundle
2024-02-29,South,SKU-006,1491.29,19,None
2024-02-29,South,SKU-007,1203.13,23,None
2024-02-29,South,SKU-008,4578.8,110,None
2024-02-29,South,SKU-009,1379.88,29,None
2024-02-29,South,SKU-010,3755.52,47,None
2024-02-29,East,SKU-001,2006.48,47,Discount
2024-02-29,East,SKU-002,747.46,11,Bundle
2024-02-29,East,SKU-003,4090.17,158,Discount
2024-02-29,East,SKU-004,2940.55,63,None
2024-02-29,East,SKU-005,3701.78,93,Discount
2024-02-29,East,SKU-006,2988.88,103,BOGO
2024-02-29,East,SKU-007,1533.79,24,Discount
2024-02-29,East,SKU-008,4570.91,112,None
2024-02-29,East,SKU-009,1372.23,22,None
2024-02-29,East,SKU-010,6376.42,222,Discount
2024-02-29,West,SKU-001,2606.15,34,BOGO
2024-02-29,West,SKU-002,1174.69,19,Discount
2024-02-29,West,SKU-003,3462.5,43,Discount
2024-02-29,West,SKU-004,3545.49,45,BOGO
2024-02-29,West,SKU-005,3003.49,50,BOGO
2024-02-29,West,SKU-006,1714.49,112,None
2024-02-29,West,SKU-007,1431.5,34,None
2024-02-29,West,SKU-008,7135.01,142,Bundle
2024-02-29,West,SKU-009,1230.74,16,None
2024-02-29,West,SKU-010,5497.13,144,Bundle
2024-03-01,North,SKU-001,3034.21,79,Flash Sale
2024-03-01,North,SKU-002,799.5,11,None
2024-03-01,North,SKU-003,2339.79,59,None
2024-03-01,North,SKU-004,3430.62,116,Discount
2024-03-01,North,SKU-005,2568.64,43,None
2024-03-01,North,SKU-006,2304.42,33,BOGO
2024-03-01,North,SKU-007,2105.86,71,Discount
2024-03-01,North,SKU-008,7664.05,440,Bundle
2024-03-01,North,SKU-009,1830.54,30,Bundle
2024-03-01,North,SKU-010,4446.53,56,Discount
2024-03-01,South,SKU-001,2265.3,68,Flash Sale
2024-03-01,South,SKU-002,794.57,28,Bundle
2024-03-01,South,SKU-003,2274.38,97,None
2024-03-01,South,SKU-004,2132.54,28,None
2024-03-01,South,SKU-005,3755.91,60,Discount
2024-03-01,South,SKU-006,2016.68,34,Discount
2024-03-01,South,SKU-007,2010.08,27,Discount
2024-03-01,South,SKU-008,5837.0,103,None
2024-03-01,South,SKU-009,1383.55,38,None
2024-03-01,South,SKU-010,6837.02,115,Flash Sale
2024-03-01,East,SKU-001,1832.35,37,Bundle
2024-03-01,East,SKU-002,812.08,27,None
2024-03-01,East,SKU-003,4499.23,90,Discount
2024-03-01,East,SKU-004,3215.95,116,BOGO
2024-03-01,East,SKU-005,2681.95,39,None
2024-03-01,East,SKU-006,2740.09,64,Discount
2024-03-01,East,SKU-007,1562.34,56,None
2024-03-01,East,SKU-008,7345.77,131,BOGO
2024-03-01,East,SKU-009,983.11,22,None
2024-03-01,East,SKU-010,4102.42,73,None
2024-03-01,West,SKU-001,2566.91,82,BOGO
2024-03-01,West,SKU-002,819.42,22,Bundle
2024-03-01,West,SKU-003,3107.18,63,None
2024-03-01,West,SKU-004,4130.86,63,Discount
2024-03-01,West,SKU-005,3346.11,60,Bundle
2024-03-01,West,SKU-006,1370.61,72,None
2024-03-01,West,SKU-007,1273.33,17,None
2024-03-01,West,SKU-008,5528.56,290,None
2024-03-01,West,SKU-009,1295.01,23,Bundle
2024-03-01,West,SKU-010,6210.92,105,Flash Sale
2024-03-02,North,SKU-001,1555.4,39,None
2024-03-02,North,SKU-002,884.44,21,None
2024-03-02,North,SKU-003,3242.04,71,None
2024-03-02,North,SKU-004,6582.02,119,Flash Sale
2024-03-02,North,SKU-005,4739.59,80,BOGO
2024-03-02,North,SKU-006,1935.38,53,None
2024-03-02,North,SKU-007,1896.8,120,Discount
2024-03-02,North,SKU-008,6181.86,88,None
2024-03-02,North,SKU-009,1534.31,48,None
2024-03-02,North,SKU-010,8952.57,161,Flash Sale
2024-03-02,South,SKU-001,1520.32,22,None
2024-03-02,South,SKU-002,718.99,13,None
2024-03-02,South,SKU-003,4886.55,67,BOGO
2024-03-02,South,SKU-004,2583.08,73,None
2024-03-02,South,SKU-005,4096.2,52,BOGO
2024-03-02,South,SKU-006,1622.48,33,None
2024-03-02,South,SKU-007,1556.71,56,None
2024-03-02,South,SKU-008,8813.71,313,Discount
2024-03-02,South,SKU-009,1362.22,23,None
2024-03-02,South,SKU-010,6417.63,175,Bundle
2024-03-02,East,SKU-001,2836.94,67,BOGO
2024-03-02,East,SKU-002,711.27,9,None
2024-03-02,East,SKU-003,3298.22,44,None
2024-03-02,East,SKU-004,4535.47,100,Discount
2024-03-02,East,SKU-005,3502.76,55,Discount
2024-03-02,East,SKU-006,3542.28,89,BOGO
2024-03-02,East,SKU-007,2667.33,33,Flash Sale
2024-03-02,East,SKU-008,7667.05,200,BOGO
2024-03-02,East,SKU-009,1246.36,28,None
2024-03-02,East,SKU-010,6209.81,366,BOGO
2024-03-02,West,SKU-001,2167.3,74,Discount
2024-03-02,West,SKU-002,1286.25,34,Discount
2024-03-02,West,SKU-003,4030.34,245,Discount
2024-03-02,West,SKU-004,4901.63,299,Discount
2024-03-02,West,SKU-005,2658.3,40,None
2024-03-02,West,SKU-006,1844.14,64,None
2024-03-02,West,SKU-007,1871.73,27,Bundle
2024-03-02,West,SKU-008,7012.2,89,None
2024-03-02,West,SKU-009,3181.61,165,Flash Sale
2024-03-02,West,SKU-010,5473.95,232,None
2024-03-03,North,SKU-001,2079.61,52,Discount
2024-03-03,North,SKU-002,1253.25,29,BOGO
2024-03-03,North,SKU-003,5403.92,83,Discount
2024-03-03,North,SKU-004,4806.96,140,Discount
2024-03-03,North,SKU-005,2601.04,140,None
2024-03-03,North,SKU-006,3171.9,45,Discount
2024-03-03,North,SKU-007,1845.9,90,Bundle
2024-03-03,North,SKU-008,8650.44,157,Bundle
2024-03-03,North,SKU-009,1459.41,22,None
2024-03-03,North,SKU-010,7591.23,168,BOGO
2024-03-03,South,SKU-001,2941.46,59,BOGO
2024-03-03,South,SKU-002,1192.97,25,Bundle
2024-03-03,South,SKU-003,4775.24,84,Discount
2024-03-03,South,SKU-004,2655.0,36,None
2024-03-03,South,SKU-005,4159.24,102,Bundle
2024-03-03,South,SKU-006,2677.46,67,Discount
2024-03-03,South,SKU-007,1886.7,47,None
2024-03-03,South,SKU-008,5088.58,248,None
2024-03-03,South,SKU-009,1904.95,63,Bundle
2024-03-03,South,SKU-010,4681.22,84,None
2024-03-03,East,SKU-001,3156.46,73,Flash Sale
2024-03-03,East,SKU-002,1516.32,42,BOGO
2024-03-03,East,SKU-003,5083.53,116,Flash Sale
2024-03-03,East,SKU-004,4454.86,116,Discount
2024-03-03,East,SKU-005,2563.99,53,None
2024-03-03,East,SKU-006,2197.05,29,None
2024-03-03,East,SKU-007,1361.66,35,None
2024-03-03,East,SKU-008,7789.67,132,Discount
2024-03-03,East,SKU-009,1875.48,27,Discount
2024-03-03,East,SKU-010,5823.67,107,Discount
2024-03-03,West,SKU-001,2032.2,31,None
2024-03-03,West,SKU-002,950.21,27,Discount
2024-03-03,West,SKU-003,5884.38,142,BOGO
2024-03-03,West,SKU-004,6449.29,100,Flash Sale
2024-03-03,West,SKU-005,2762.32,57,None
2024-03-03,West,SKU-006,2259.82,75,None
2024-03-03,West,SKU-007,2226.52,45,Discount
2024-03-03,West,SKU-008,8438.17,187,Bundle
2024-03-03,West,SKU-009,1345.65,49,None
2024-03-03,West,SKU-010,7971.9,180,Flash Sale
2024-03-04,North,SKU-001,1341.23,25,None
2024-03-04,North,SKU-002,649.25,10,None
2024-03-04,North,SKU-003,4023.26,58,Bundle
2024-03-04,North,SKU-004,3569.33,83,BOGO
2024-03-04,North,SKU-005,4888.24,81,Flash Sale
2024-03-04,North,SKU-006,2140.18,129,Discount
2024-03-04,North,SKU-007,1565.1,62,None
2024-03-04,North,SKU-008,8163.97,121,BOGO
2024-03-04,North,SKU-009,2745.1,97,Flash Sale
2024-03-04,North,SKU-010,6204.67,154,Flash Sale
2024-03-04,South,SKU-001,1548.25,29,Bundle
2024-03-04,South,SKU-002,966.09,27,Bundle
2024-03-04,South,SKU-003,2317.27,45,None
2024-03-04,South,SKU-004,2833.26,52,None
2024-03-04,South,SKU-005,2036.25,104,None
2024-03-04,South,SKU-006,2851.76,94,Flash Sale
2024-03-04,South,SKU-007,1314.72,33,None
2024-03-04,South,SKU-008,4314.98,60,None
2024-03-04,South,SKU-009,2202.49,27,Flash Sale
2024-03-04,South,SKU-010,4013.68,87,None
2024-03-04,East,SKU-001,1349.3,18,None
2024-03-04,East,SKU-002,839.7,29,Discount
2024-03-04,East,SKU-003,5895.83,101,Flash Sale
2024-03-04,East,SKU-004,2609.96,34,None
2024-03-04,East,SKU-005,3262.43,54,Discount
2024-03-04,East,SKU-006,2025.74,25,Discount
2024-03-04,East,SKU-007,1437.1,35,Bundle
2024-03-04,East,SKU-008,7025.72,94,Discount
2024-03-04,East,SKU-009,1550.52,29,Bundle
2024-03-04,East,SKU-010,3620.39,50,None
2024-03-04,West,SKU-001,1723.1,24,Bundle
2024-03-04,West,SKU-002,942.66,13,Discount
2024-03-04,West,SKU-003,2659.46,99,None
2024-03-04,West,SKU-004,4681.08,63,Flash Sale
2024-03-04,West,SKU-005,2512.86,118,None
2024-03-04,West,SKU-006,1471.93,20,None
2024-03-04,West,SKU-007,2161.46,43,Discount
2024-03-04,West,SKU-008,5360.47,86,None
2024-03-04,West,SKU-009,1974.22,47,Discount
2024-03-04,West,SKU-010,4739.79,237,None
2024-03-05,North,SKU-001,1414.48,21,None
2024-03-05,North,SKU-002,1311.35,41,Flash Sale
2024-03-05,North,SKU-003,2711.34,137,None
2024-03-05,North,SKU-004,3102.93,48,Bundle
2024-03-05,North,SKU-005,3124.5,199,Discount
2024-03-05,North,SKU-006,1780.42,74,None
2024-03-05,North,SKU-007,1730.09,89,Bundle
2024-03-05,North,SKU-008,7547.88,173,Discount
2024-03-05,North,SKU-009,1777.55,25,Bundle
2024-03-05,North,SKU-010,4491.64,82,None
2024-03-05,South,SKU-001,1295.73,26,None
2024-03-05,South,SKU-002,1160.21,19,Flash Sale
2024-03-05,South,SKU-003,2948.33,118,None
2024-03-05,South,SKU-004,3493.07,56,BOGO
2024-03-05,South,SKU-005,3183.66,175,Discount
2024-03-05,South,SKU-006,1571.11,44,None
2024-03-05,South,SKU-007,1391.6,76,None
2024-03-05,South,SKU-008,10445.63,138,Flash Sale
2024-03-05,South,SKU-009,2256.26,80,BOGO
2024-03-05,South,SKU-010,3832.07,48,None
2024-03-05,East,SKU-001,2548.85,43,BOGO
2024-03-05,East,SKU-002,625.31,8,None
2024-03-05,East,SKU-003,2999.68,167,None
2024-03-05,East,SKU-004,2822.38,78,None
2024-03-05,East,SKU-005,3421.73,45,Discount
2024-03-05,East,SKU-006,3669.77,160,Flash Sale
2024-03-05,East,SKU-007,1579.08,43,Discount
2024-03-05,East,SKU-008,4772.57,134,None
2024-03-05,East,SKU-009,2038.22,69,Flash Sale
2024-03-05,East,SKU-010,5870.58,150,Discount
2024-03-05,West,SKU-001,1629.71,39,None
2024-03-05,West,SKU-002,1092.05,50,Bundle
2024-03-05,West,SKU-003,2479.84,117,None
2024-03-05,West,SKU-004,4781.71,79,BOGO
2024-03-05,West,SKU-005,2171.6,38,None
2024-03-05,West,SKU-006,3131.45,53,BOGO
2024-03-05,West,SKU-007,1250.68,22,None
2024-03-05,West,SKU-008,6153.28,108,Bundle
2024-03-05,West,SKU-009,1699.12,27,Discount
2024-03-05,West,SKU-010,3532.88,64,None
2024-03-06,North,SKU-001,1304.04,20,None
2024-03-06,North,SKU-002,1032.82,54,Discount
2024-03-06,North,SKU-003,4402.56,156,BOGO
2024-03-06,North,SKU-004,4198.38,240,Flash Sale
2024-03-06,North,SKU-005,3316.03,91,Bundle
2024-03-06,North,SKU-006,2132.32,32,Discount
2024-03-06,North,SKU-007,1350.18,17,None
2024-03-06,North,SKU-008,7650.71,255,Discount
2024-03-06,North,SKU-009,1817.21,64,BOGO
2024-03-06,North,SKU-010,4599.45,78,None
2024-03-06,South,SKU-001,2215.16,36,Discount
2024-03-06,South,SKU-002,1028.2,25,Discount
2024-03-06,South,SKU-003,3847.23,68,BOGO
2024-03-06,South,SKU-004,2876.75,147,None
2024-03-06,South,SKU-005,2675.29,33,Discount
2024-03-06,South,SKU-006,1955.69,74,Discount
2024-03-06,South,SKU-007,1676.87,83,Discount
2024-03-06,South,SKU-008,5970.14,96,Bundle
2024-03-06,South,SKU-009,1645.23,30,Discount
2024-03-06,South,SKU-010,5062.88,114,Discount
2024-03-06,East,SKU-001,1796.41,27,Discount
2024-03-06,East,SKU-002,831.01,21,None
2024-03-06,East,SKU-003,4535.57,103,Flash Sale
2024-03-06,East,SKU-004,5257.2,77,Flash Sale
2024-03-06,East,SKU-005,2445.1,61,Bundle
2024-03-06,East,SKU-006,1813.12,24,None
2024-03-06,East,SKU-007,1367.31,51,None
2024-03-06,East,SKU-008,9300.09,209,Flash Sale
2024-03-06,East,SKU-009,2360.04,51,Flash Sale
2024-03-06,East,SKU-010,5409.67,118,BOGO
2024-03-06,West,SKU-001,1647.03,107,None
2024-03-06,West,SKU-002,1122.55,14,BOGO
2024-03-06,West,SKU-003,6215.1,158,Flash Sale
2024-03-06,West,SKU-004,3007.35,37,Bundle
2024-03-06,West,SKU-005,2243.06,128,None
2024-03-06,West,SKU-006,1567.31,30,None
2024-03-06,West,SKU-007,2071.77,26,Discount
2024-03-06,West,SKU-008,7977.74,170,BOGO
2024-03-06,West,SKU-009,2091.59,36,BOGO
2024-03-06,West,SKU-010,8224.94,267,Flash Sale
2024-03-07,North,SKU-001,1650.05,42,None
2024-03-07,North,SKU-002,759.61,13,None
2024-03-07,North,SKU-003,4016.75,52,Discount
2024-03-07,North,SKU-004,2259.7,41,None
2024-03-07,North,SKU-005,1873.89,28,None
2024-03-07,North,SKU-006,2993.92,56,Flash Sale
2024-03-07,North,SKU-007,1348.93,49,None
2024-03-07,North,SKU-008,8175.81,191,Flash Sale
2024-03-07,North,SKU-009,1697.24,34,Discount
2024-03-07,North,SKU-010,7775.2,123,Flash Sale
2024-03-07,South,SKU-001,1191.32,22,None
2024-03-07,South,SKU-002,1267.98,39,BOGO
2024-03-07,South,SKU-003,4517.15,110,Discount
2024-03-07,South,SKU-004,2815.73,108,Discount
2024-03-07,South,SKU-005,2423.03,124,Bundle
2024-03-07,South,SKU-006,3152.87,54,Flash Sale
2024-03-07,South,SKU-007,2208.92,56,Flash Sale
2024-03-07,South,SKU-008,4367.03,162,None
2024-03-07,South,SKU-009,1188.08,17,None
2024-03-07,South,SKU-010,3482.77,54,None
2024-03-07,East,SKU-001,1786.51,24,Discount
2024-03-07,East,SKU-002,1305.89,17,Flash Sale
2024-03-07,East,SKU-003,3158.64,122,None
2024-03-07,East,SKU-004,2927.0,126,Discount
2024-03-07,East,SKU-005,2181.01,41,None
2024-03-07,East,SKU-006,2123.25,32,Bundle
2024-03-07,East,SKU-007,1103.9,17,None
2024-03-07,East,SKU-008,5295.46,79,None
2024-03-07,East,SKU-009,1016.55,20,None
2024-03-07,East,SKU-010,3759.25,77,None
2024-03-07,West,SKU-001,2318.49,50,Discount
2024-03-07,West,SKU-002,1173.43,31,BOGO
2024-03-07,West,SKU-003,5284.78,77,BOGO
2024-03-07,West,SKU-004,4274.36,107,BOGO
2024-03-07,West,SKU-005,2770.6,38,None
2024-03-07,West,SKU-006,1316.43,18,None
2024-03-07,West,SKU-007,2773.29,38,Flash Sale
2024-03-07,West,SKU-008,4024.62,175,None
2024-03-07,West,SKU-009,2002.94,31,Discount
2024-03-07,West,SKU-010,5246.92,95,Discount
2024-03-08,North,SKU-001,1846.55,31,Bundle
2024-03-08,North,SKU-002,840.91,10,None
2024-03-08,North,SKU-003,3553.14,92,BOGO
2024-03-08,North,SKU-004,2976.72,47,None
2024-03-08,North,SKU-005,2703.86,58,Bundle
2024-03-08,North,SKU-006,1543.33,20,None
2024-03-08,North,SKU-007,2079.7,29,Bundle
2024-03-08,North,SKU-008,5432.46,159,None
2024-03-08,North,SKU-009,1840.65,25,Discount
2024-03-08,North,SKU-010,3367.13,50,None
2024-03-08,South,SKU-001,2239.6,28,Discount
2024-03-08,South,SKU-002,793.68,18,Bundle
2024-03-08,South,SKU-003,2733.36,54,None
2024-03-08,South,SKU-004,3103.73,48,Discount
2024-03-08,South,SKU-005,1960.61,24,None
2024-03-08,South,SKU-006,1419.71,18,None
2024-03-08,South,SKU-007,2815.11,95,Flash Sale
2024-03-08,South,SKU-008,7415.35,96,Discount
2024-03-08,South,SKU-009,1292.22,17,None
2024-03-08,South,SKU-010,4300.29,71,Bundle
2024-03-08,East,SKU-001,2318.22,35,Discount
2024-03-08,East,SKU-002,744.55,18,None
2024-03-08,East,SKU-003,5552.74,84,Flash Sale
2024-03-08,East,SKU-004,5348.86,181,Flash Sale
2024-03-08,East,SKU-005,2133.36,95,None
2024-03-08,East,SKU-006,2881.78,37,BOGO
2024-03-08,East,SKU-007,1378.01,59,None
2024-03-08,East,SKU-008,9390.63,178,BOGO
2024-03-08,East,SKU-009,1120.28,20,None
2024-03-08,East,SKU-010,6307.39,80,Discount
2024-03-08,West,SKU-001,2504.35,37,BOGO
2024-03-08,West,SKU-002,709.56,13,None
2024-03-08,West,SKU-003,3247.68,208,Discount
2024-03-08,West,SKU-004,3017.93,44,Bundle
2024-03-08,West,SKU-005,3698.82,77,Discount
2024-03-08,West,SKU-006,1834.67,54,Bundle
2024-03-08,West,SKU-007,1391.96,39,None
2024-03-08,West,SKU-008,4516.9,64,None
2024-03-08,West,SKU-009,1658.21,57,Bundle
2024-03-08,West,SKU-010,5990.64,151,Discount
2024-03-09,North,SKU-001,2334.42,37,BOGO
2024-03-09,North,SKU-002,1277.53,69,Discount
2024-03-09,North,SKU-003,3775.06,60,None
2024-03-09,North,SKU-004,5025.81,86,Discount
2024-03-09,North,SKU-005,3342.33,66,None
2024-03-09,North,SKU-006,3056.69,66,BOGO
2024-03-09,North,SKU-007,2835.9,70,BOGO
2024-03-09,North,SKU-008,7618.13,101,Discount
2024-03-09,North,SKU-009,2318.26,64,Flash Sale
2024-03-09,North,SKU-010,5411.45,88,None
2024-03-09,South,SKU-001,2338.97,44,Bundle
2024-03-09,South,SKU-002,1184.32,34,Bundle
2024-03-09,South,SKU-003,2920.07,43,None
2024-03-09,South,SKU-004,4606.36,295,Discount
2024-03-09,South,SKU-005,2992.86,37,None
2024-03-09,South,SKU-006,1874.25,23,None
2024-03-09,South,SKU-007,1880.59,88,None
2024-03-09,South,SKU-008,6755.57,366,Bundle
2024-03-09,South,SKU-009,2413.97,30,BOGO
2024-03-09,South,SKU-010,8099.68,356,Flash Sale
2024-03-09,East,SKU-001,3204.71,53,Flash Sale
2024-03-09,East,SKU-002,896.43,22,None
2024-03-09,East,SKU-003,3670.6,51,None
2024-03-09,East,SKU-004,5199.94,90,Flash Sale
2024-03-09,East,SKU-005,3596.55,159,BOGO
2024-03-09,East,SKU-006,1963.1,33,None
2024-03-09,East,SKU-007,1820.34,34,Discount
2024-03-09,East,SKU-008,7047.2,111,Bundle
2024-03-09,East,SKU-009,1386.89,17,None
2024-03-09,East,SKU-010,8292.2,358,Flash Sale
2024-03-09,West,SKU-001,2237.69,30,BOGO
2024-03-09,West,SKU-002,812.81,13,None
2024-03-09,West,SKU-003,6417.59,128,Flash Sale
2024-03-09,West,SKU-004,3227.46,46,Bundle
2024-03-09,West,SKU-005,3076.88,108,None
2024-03-09,West,SKU-006,1719.76,31,None
2024-03-09,West,SKU-007,1288.86,29,None
2024-03-09,West,SKU-008,8098.69,346,BOGO
2024-03-09,West,SKU-009,2160.48,104,Discount
2024-03-09,West,SKU-010,7580.39,438,Discount
2024-03-10,North,SKU-001,1698.57,43,None
2024-03-10,North,SKU-002,818.8,10,None
2024-03-10,North,SKU-003,2971.04,165,None
2024-03-10,North,SKU-004,4478.11,101,Discount
2024-03-10,North,SKU-005,3915.1,79,Bundle
2024-03-10,North,SKU-006,3288.53,68,BOGO
2024-03-10,North,SKU-007,1711.32,95,None
2024-03-10,North,SKU-008,5216.72,151,None
2024-03-10,North,SKU-009,2408.71,44,Discount
2024-03-10,North,SKU-010,6890.08,208,Discount
2024-03-10,South,SKU-001,2671.24,84,Flash Sale
2024-03-10,South,SKU-002,1701.28,66,Flash Sale
2024-03-10,South,SKU-003,3578.76,113,Bundle
2024-03-10,South,SKU-004,6719.74,276,Flash Sale
2024-03-10,South,SKU-005,3239.21,51,Discount
2024-03-10,South,SKU-006,2997.01,58,Discount
2024-03-10,South,SKU-007,1555.18,62,None
2024-03-10,South,SKU-008,10776.38,138,Flash Sale
2024-03-10,South,SKU-009,1692.07,73,Discount
2024-03-10,South,SKU-010,5096.55,122,None
2024-03-10,East,SKU-001,2863.05,74,BOGO
2024-03-10,East,SKU-002,1502.03,61,BOGO
2024-03-10,East,SKU-003,4206.28,196,Discount
2024-03-10,East,SKU-004,4005.69,183,Discount
2024-03-10,East,SKU-005,2431.25,38,None
2024-03-10,East,SKU-006,2858.31,42,Discount
2024-03-10,East,SKU-007,1625.41,26,None
2024-03-10,East,SKU-008,8516.6,156,Discount
2024-03-10,East,SKU-009,1262.85,16,None
2024-03-10,East,SKU-010,7867.59,116,Flash Sale
2024-03-10,West,SKU-001,3189.56,136,Flash Sale
2024-03-10,West,SKU-002,907.88,14,None
2024-03-10,West,SKU-003,2831.41,54,None
2024-03-10,West,SKU-004,3457.09,55,Discount
2024-03-10,West,SKU-005,4840.75,155,BOGO
2024-03-10,West,SKU-006,4055.89,150,Flash Sale
2024-03-10,West,SKU-007,2877.81,60,BOGO
2024-03-10,West,SKU-008,9855.31,201,Discount
2024-03-10,West,SKU-009,1877.49,26,Discount
2024-03-10,West,SKU-010,6397.56,181,Discount
2024-03-11,North,SKU-001,1488.07,74,None
2024-03-11,North,SKU-002,1160.98,45,Discount
2024-03-11,North,SKU-003,2295.55,68,None
2024-03-11,North,SKU-004,3659.61,233,Bundle
2024-03-11,North,SKU-005,4736.42,62,Flash Sale
2024-03-11,North,SKU-006,1629.63,33,None
2024-03-11,North,SKU-007,1288.37,23,None
2024-03-11,North,SKU-008,5392.49,88,None
2024-03-11,North,SKU-009,1740.8,27,BOGO
2024-03-11,North,SKU-010,4125.91,53,None
2024-03-11,South,SKU-001,1719.67,44,Discount
2024-03-11,South,SKU-002,707.85,9,None
2024-03-11,South,SKU-003,5221.3,200,Flash Sale
2024-03-11,South,SKU-004,2343.57,39,None
2024-03-11,South,SKU-005,2132.51,45,None
2024-03-11,South,SKU-006,2036.2,32,Discount
2024-03-11,South,SKU-007,2256.58,64,Flash Sale
2024-03-11,South,SKU-008,5832.08,79,None
2024-03-11,South,SKU-009,1296.72,84,Bundle
2024-03-11,South,SKU-010,4790.11,126,Bundle
2024-03-11,East,SKU-001,1327.12,21,None
2024-03-11,East,SKU-002,1259.77,58,Flash Sale
2024-03-11,East,SKU-003,3145.92,63,Bundle
2024-03-11,East,SKU-004,2416.5,32,None
2024-03-11,East,SKU-005,2007.32,34,None
2024-03-11,East,SKU-006,2273.24,57,Discount
2024-03-11,East,SKU-007,2080.99,77,BOGO
2024-03-11,East,SKU-008,5865.38,134,Discount
2024-03-11,East,SKU-009,1362.47,35,Bundle
2024-03-11,East,SKU-010,6030.59,83,Flash Sale
2024-03-11,West,SKU-001,1668.95,49,Discount
2024-03-11,West,SKU-002,674.3,10,None
2024-03-11,West,SKU-003,2378.94,85,None
2024-03-11,West,SKU-004,3856.84,48,Bundle
2024-03-11,West,SKU-005,2254.52,44,None
2024-03-11,West,SKU-006,1527.92,23,None
2024-03-11,West,SKU-007,2545.99,33,Flash Sale
2024-03-11,West,SKU-008,8045.93,104,Flash Sale
2024-03-11,West,SKU-009,1030.74,27,None
2024-03-11,West,SKU-010,4379.11,144,None
2024-03-12,North,SKU-001,2195.64,40,BOGO
2024-03-12,North,SKU-002,685.51,20,None
2024-03-12,North,SKU-003,2981.39,69,Bundle
2024-03-12,North,SKU-004,2735.8,100,None
2024-03-12,North,SKU-005,3606.93,50,Discount
2024-03-12,North,SKU-006,2453.24,57,Discount
2024-03-12,North,SKU-007,1884.45,27,Bundle
2024-03-12,North,SKU-008,4348.45,61,None
2024-03-12,North,SKU-009,1080.81,45,None
2024-03-12,North,SKU-010,3598.16,130,None
2024-03-12,South,SKU-001,1370.38,24,None
2024-03-12,South,SKU-002,806.6,20,None
2024-03-12,South,SKU-003,4162.78,52,Discount
2024-03-12,South,SKU-004,3278.5,71,Discount
2024-03-12,South,SKU-005,4677.75,134,Flash Sale
2024-03-12,South,SKU-006,2174.68,28,Discount
2024-03-12,South,SKU-007,2286.61,31,Flash Sale
2024-03-12,South,SKU-008,4054.84,220,None
2024-03-12,South,SKU-009,1715.79,37,BOGO
2024-03-12,South,SKU-010,3846.67,122,None
2024-03-12,East,SKU-001,1735.44,49,Bundle
2024-03-12,East,SKU-002,751.58,12,None
2024-03-12,East,SKU-003,2567.13,40,None
2024-03-12,East,SKU-004,4399.22,82,BOGO
2024-03-12,East,SKU-005,3334.82,101,BOGO
2024-03-12,East,SKU-006,2606.28,118,Flash Sale
2024-03-12,East,SKU-007,1093.18,14,None
2024-03-12,East,SKU-008,6099.67,138,Discount
2024-03-12,East,SKU-009,1005.9,19,None
2024-03-12,East,SKU-010,5826.97,127,BOGO
2024-03-12,West,SKU-001,2003.33,80,Discount
2024-03-12,West,SKU-002,617.18,12,None
2024-03-12,West,SKU-003,4457.9,69,Discount
2024-03-12,West,SKU-004,4642.98,105,BOGO
2024-03-12,West,SKU-005,2710.58,139,None
2024-03-12,West,SKU-006,3151.37,40,Flash Sale
2024-03-12,West,SKU-007,1160.61,35,None
2024-03-12,West,SKU-008,4549.09,58,None
2024-03-12,West,SKU-009,1354.72,22,None
2024-03-12,West,SKU-010,7501.45,151,Flash Sale
2024-03-13,North,SKU-001,1223.08,19,None
2024-03-13,North,SKU-002,1371.04,33,Flash Sale
2024-03-13,North,SKU-003,3402.37,223,Discount
2024-03-13,North,SKU-004,3637.67,233,Discount
2024-03-13,North,SKU-005,3031.02,49,Bundle
2024-03-13,North,SKU-006,2119.32,72,Discount
2024-03-13,North,SKU-007,1913.7,73,Discount
2024-03-13,North,SKU-008,5033.69,148,None
2024-03-13,North,SKU-009,1426.3,43,None
2024-03-13,North,SKU-010,3592.74,54,None
2024-03-13,South,SKU-001,2363.89,82,Discount
2024-03-13,South,SKU-002,563.59,14,None
2024-03-13,South,SKU-003,4095.69,53,BOGO
2024-03-13,South,SKU-004,3820.06,91,Discount
2024-03-13,South,SKU-005,3030.58,161,Discount
2024-03-13,South,SKU-006,1855.89,63,None
2024-03-13,South,SKU-007,1632.2,20,Discount
2024-03-13,South,SKU-008,5409.27,90,None
2024-03-13,South,SKU-009,1947.94,34,Discount
2024-03-13,South,SKU-010,6240.33,212,Discount
2024-03-13,East,SKU-001,1742.68,31,Discount
2024-03-13,East,SKU-002,1153.35,38,Flash Sale
2024-03-13,East,SKU-003,4955.86,67,Flash Sale
2024-03-13,East,SKU-004,2501.95,55,None
2024-03-13,East,SKU-005,2038.27,43,None
2024-03-13,East,SKU-006,1739.98,106,None
2024-03-13,East,SKU-007,1545.34,22,None
2024-03-13,East,SKU-008,5756.23,292,Discount
2024-03-13,East,SKU-009,1666.27,29,Discount
2024-03-13,East,SKU-010,6314.48,128,Flash Sale
2024-03-13,West,SKU-001,1470.34,37,None
2024-03-13,West,SKU-002,594.19,37,None
2024-03-13,West,SKU-003,2347.96,36,None
2024-03-13,West,SKU-004,3006.89,53,Discount
2024-03-13,West,SKU-005,2600.28,166,None
2024-03-13,West,SKU-006,1670.85,24,None
2024-03-13,West,SKU-007,1179.56,25,None
2024-03-13,West,SKU-008,7271.9,207,Bundle
2024-03-13,West,SKU-009,1357.86,72,Bundle
2024-03-13,West,SKU-010,5820.83,253,Discount
2024-03-14,North,SKU-001,1187.67,34,None
2024-03-14,North,SKU-002,1145.97,15,Flash Sale
2024-03-14,North,SKU-003,2452.01,61,None
2024-03-14,North,SKU-004,4258.78,143,BOGO
2024-03-14,North,SKU-005,4753.64,77,Flash Sale
2024-03-14,North,SKU-006,1637.62,20,None
2024-03-14,North,SKU-007,1575.97,20,Discount
2024-03-14,North,SKU-008,6600.28,179,BOGO
2024-03-14,North,SKU-009,2267.56,30,BOGO
2024-03-14,North,SKU-010,4121.37,155,None
2024-03-14,South,SKU-001,2349.22,39,BOGO
2024-03-14,South,SKU-002,814.7,13,None
2024-03-14,South,SKU-003,3620.46,166,Discount
2024-03-14,South,SKU-004,3468.56,45,Bundle
2024-03-14,South,SKU-005,2596.98,36,None
2024-03-14,South,SKU-006,1825.56,74,None
2024-03-14,South,SKU-007,1280.41,20,None
2024-03-14,South,SKU-008,7269.79,325,Bundle
2024-03-14,South,SKU-009,2726.13,82,Flash Sale
2024-03-14,South,SKU-010,3676.0,157,None
2024-03-14,East,SKU-001,2524.63,53,Flash Sale
2024-03-14,East,SKU-002,986.01,23,Bundle
2024-03-14,East,SKU-003,3767.37,49,BOGO
2024-03-14,East,SKU-004,3344.47,65,Discount
2024-03-14,East,SKU-005,3065.71,44,Bundle
2024-03-14,East,SKU-006,2601.77,42,Flash Sale
2024-03-14,East,SKU-007,2026.89,66,Discount
2024-03-14,East,SKU-008,4377.48,62,None
2024-03-14,East,SKU-009,1984.48,25,BOGO
2024-03-14,East,SKU-010,3259.08,86,None
2024-03-14,West,SKU-001,1296.05,53,None
2024-03-14,West,SKU-002,1199.83,17,Flash Sale
2024-03-14,West,SKU-003,3024.99,133,None
2024-03-14,West,SKU-004,2383.17,142,None
2024-03-14,West,SKU-005,4196.17,69,Flash Sale
2024-03-14,West,SKU-006,1627.77,30,None
2024-03-14,West,SKU-007,1087.37,28,None
2024-03-14,West,SKU-008,4460.46,282,None
2024-03-14,West,SKU-009,1980.15,73,Flash Sale
2024-03-14,West,SKU-010,4348.6,71,None
2024-03-15,North,SKU-001,1953.22,31,Discount
2024-03-15,North,SKU-002,1018.21,16,Bundle
2024-03-15,North,SKU-003,3254.9,172,Discount
2024-03-15,North,SKU-004,2610.42,99,None
2024-03-15,North,SKU-005,1872.52,27,None
2024-03-15,North,SKU-006,2182.17,31,Bundle
2024-03-15,North,SKU-007,2031.58,47,Discount
2024-03-15,North,SKU-008,4513.67,215,None
2024-03-15,North,SKU-009,2743.03,118,Flash Sale
2024-03-15,North,SKU-010,5317.76,285,Discount
2024-03-15,South,SKU-001,2343.37,36,Flash Sale
2024-03-15,South,SKU-002,793.14,17,None
2024-03-15,South,SKU-003,4673.85,113,BOGO
2024-03-15,South,SKU-004,4123.04,61,Flash Sale
2024-03-15,South,SKU-005,3883.09,176,Flash Sale
2024-03-15,South,SKU-006,1552.77,23,None
2024-03-15,South,SKU-007,1737.96,52,BOGO
2024-03-15,South,SKU-008,4103.38,76,None
2024-03-15,South,SKU-009,1484.87,52,Discount
2024-03-15,South,SKU-010,3545.11,172,None
2024-03-15,East,SKU-001,1448.0,21,None
2024-03-15,East,SKU-002,576.73,27,None
2024-03-15,East,SKU-003,3096.43,81,Discount
2024-03-15,East,SKU-004,4152.18,87,Discount
2024-03-15,East,SKU-005,4100.02,65,BOGO
2024-03-15,East,SKU-006,1776.19,83,None
2024-03-15,East,SKU-007,2947.61,61,Flash Sale
2024-03-15,East,SKU-008,4020.66,60,None
2024-03-15,East,SKU-009,1630.03,23,Bundle
2024-03-15,East,SKU-010,4787.89,80,Discount
2024-03-15,West,SKU-001,1629.56,77,None
2024-03-15,West,SKU-002,1137.15,16,Discount
2024-03-15,West,SKU-003,3049.03,119,None
2024-03-15,West,SKU-004,3925.37,166,BOGO
2024-03-15,West,SKU-005,3077.1,43,Discount
2024-03-15,West,SKU-006,2547.32,41,Flash Sale
2024-03-15,West,SKU-007,2278.61,28,Flash Sale
2024-03-15,West,SKU-008,5876.99,113,None
2024-03-15,West,SKU-009,1321.87,82,Bundle
2024-03-15,West,SKU-010,5642.82,72,Discount
2024-03-16,North,SKU-001,1693.66,38,None
2024-03-16,North,SKU-002,991.48,38,None
2024-03-16,North,SKU-003,4766.59,125,Discount
2024-03-16,North,SKU-004,2621.3,40,None
2024-03-16,North,SKU-005,4671.57,59,Discount
2024-03-16,North,SKU-006,2717.16,112,Bundle
2024-03-16,North,SKU-007,1909.96,40,None
2024-03-16,North,SKU-008,10906.11,265,BOGO
2024-03-16,North,SKU-009,1419.98,29,None
2024-03-16,North,SKU-010,7211.74,121,BOGO
2024-03-16,South,SKU-001,1993.75,27,Bundle
2024-03-16,South,SKU-002,885.56,15,None
2024-03-16,South,SKU-003,4994.57,97,Discount
2024-03-16,South,SKU-004,3431.89,101,None
2024-03-16,South,SKU-005,2871.97,40,None
2024-03-16,South,SKU-006,2636.83,58,Discount
2024-03-16,South,SKU-007,1509.71,33,None
2024-03-16,South,SKU-008,6537.02,244,Bundle
2024-03-16,South,SKU-009,1697.26,22,None
2024-03-16,South,SKU-010,7935.41,218,Flash Sale
2024-03-16,East,SKU-001,2540.16,46,BOGO
2024-03-16,East,SKU-002,1278.42,27,Discount
2024-03-16,East,SKU-003,4541.01,90,Discount
2024-03-16,East,SKU-004,3355.03,116,Bundle
2024-03-16,East,SKU-005,3338.7,51,None
2024-03-16,East,SKU-006,2315.81,60,None
2024-03-16,East,SKU-007,3637.32,125,Flash Sale
2024-03-16,East,SKU-008,9572.95,124,Discount
2024-03-16,East,SKU-009,2508.96,44,Flash Sale
2024-03-16,East,SKU-010,4066.9,123,None
2024-03-16,West,SKU-001,1557.72,25,None
2024-03-16,West,SKU-002,1621.03,27,Flash Sale
2024-03-16,West,SKU-003,4040.58,218,Discount
2024-03-16,West,SKU-004,5352.62,83,Flash Sale
2024-03-16,West,SKU-005,2456.81,32,None
2024-03-16,West,SKU-006,2537.96,42,Bundle
2024-03-16,West,SKU-007,1906.04,43,None
2024-03-16,West,SKU-008,12787.99,248,Flash Sale
2024-03-16,West,SKU-009,1692.3,28,Discount
2024-03-16,West,SKU-010,4412.49,55,None
2024-03-17,North,SKU-001,2184.22,29,BOGO
2024-03-17,North,SKU-002,844.61,23,None
2024-03-17,North,SKU-003,5681.3,91,Flash Sale
2024-03-17,North,SKU-004,4602.6,65,Bundle
2024-03-17,North,SKU-005,3833.48,72,Bundle
2024-03-17,North,SKU-006,1749.69,22,None
2024-03-17,North,SKU-007,3292.81,50,Flash Sale
2024-03-17,North,SKU-008,10038.89,350,Flash Sale
2024-03-17,North,SKU-009,2420.38,46,Discount
2024-03-17,North,SKU-010,4500.83,116,None
2024-03-17,South,SKU-001,2748.53,57,Discount
2024-03-17,South,SKU-002,912.15,15,None
2024-03-17,South,SKU-003,4147.04,109,Bundle
2024-03-17,South,SKU-004,5766.63,89,Flash Sale
2024-03-17,South,SKU-005,3270.02,72,None
2024-03-17,South,SKU-006,2746.86,51,BOGO
2024-03-17,South,SKU-007,2908.29,41,Flash Sale
2024-03-17,South,SKU-008,11932.25,196,Flash Sale
2024-03-17,South,SKU-009,1742.58,25,None
2024-03-17,South,SKU-010,3967.97,246,None
2024-03-17,East,SKU-001,2709.0,42,Flash Sale
2024-03-17,East,SKU-002,889.92,18,None
2024-03-17,East,SKU-003,3525.22,50,None
2024-03-17,East,SKU-004,3743.4,84,Discount
2024-03-17,East,SKU-005,4489.37,63,Flash Sale
2024-03-17,East,SKU-006,1853.79,27,None
2024-03-17,East,SKU-007,2016.09,29,Bundle
2024-03-17,East,SKU-008,9094.26,231,Flash Sale
2024-03-17,East,SKU-009,2042.32,63,Discount
2024-03-17,East,SKU-010,6134.06,83,Discount
2024-03-17,West,SKU-001,3442.53,225,Flash Sale
2024-03-17,West,SKU-002,1305.07,78,Flash Sale
2024-03-17,West,SKU-003,6006.25,123,BOGO
2024-03-17,West,SKU-004,4494.13,58,BOGO
2024-03-17,West,SKU-005,4759.71,60,Flash Sale
2024-03-17,West,SKU-006,2888.61,71,Discount
2024-03-17,West,SKU-007,1800.47,34,None
2024-03-17,West,SKU-008,7007.98,173,None
2024-03-17,West,SKU-009,1398.04,39,None
2024-03-17,West,SKU-010,4628.33,215,None
2024-03-18,North,SKU-001,1414.4,25,None
2024-03-18,North,SKU-002,1521.14,27,Flash Sale
2024-03-18,North,SKU-003,4374.27,172,Discount
2024-03-18,North,SKU-004,3534.48,167,BOGO
2024-03-18,North,SKU-005,3558.97,54,Flash Sale
2024-03-18,North,SKU-006,1332.68,21,None
2024-03-18,North,SKU-007,1377.45,82,None
2024-03-18,North,SKU-008,5927.45,105,None
2024-03-18,North,SKU-009,1696.07,29,BOGO
2024-03-18,North,SKU-010,5088.51,102,Discount
2024-03-18,South,SKU-001,2155.75,31,Discount
2024-03-18,South,SKU-002,1482.27,25,Flash Sale
2024-03-18,South,SKU-003,3211.26,131,Discount
2024-03-18,South,SKU-004,2644.72,50,None
2024-03-18,South,SKU-005,1965.7,26,None
2024-03-18,South,SKU-006,1384.77,41,None
2024-03-18,South,SKU-007,1120.89,23,None
2024-03-18,South,SKU-008,9259.18,324,BOGO
2024-03-18,South,SKU-009,1207.65,73,None
2024-03-18,South,SKU-010,3934.66,70,None
2024-03-18,East,SKU-001,2124.93,53,Discount
2024-03-18,East,SKU-002,1186.57,26,BOGO
2024-03-18,East,SKU-003,2400.4,153,None
2024-03-18,East,SKU-004,2666.05,47,None
2024-03-18,East,SKU-005,1971.54,52,None
2024-03-18,East,SKU-006,2611.88,47,BOGO
2024-03-18,East,SKU-007,1156.03,18,None
2024-03-18,East,SKU-008,4356.74,257,None
2024-03-18,East,SKU-009,1220.72,18,None
2024-03-18,East,SKU-010,6351.16,282,Discount
2024-03-18,West,SKU-001,1604.76,66,Discount
2024-03-18,West,SKU-002,768.13,10,None
2024-03-18,West,SKU-003,3505.27,125,Discount
2024-03-18,West,SKU-004,2354.19,46,None
2024-03-18,West,SKU-005,3216.24,47,Discount
2024-03-18,West,SKU-006,3137.5,76,Flash Sale
2024-03-18,West,SKU-007,1687.21,60,Discount
2024-03-18,West,SKU-008,8238.5,379,Discount
2024-03-18,West,SKU-009,1469.87,51,Discount
2024-03-18,West,SKU-010,5005.94,113,Bundle
2024-03-19,North,SKU-001,2226.58,40,Discount
2024-03-19,North,SKU-002,1299.78,25,Flash Sale
2024-03-19,North,SKU-003,5105.86,74,BOGO
2024-03-19,North,SKU-004,2824.19,164,Bundle
2024-03-19,North,SKU-005,3372.45,98,Discount
2024-03-19,North,SKU-006,2521.87,112,BOGO
2024-03-19,North,SKU-007,2081.89,76,BOGO
2024-03-19,North,SKU-008,5765.09,99,Discount
2024-03-19,North,SKU-009,1663.86,46,BOGO
2024-03-19,North,SKU-010,3668.94,233,None
2024-03-19,South,SKU-001,2000.54,38,BOGO
2024-03-19,South,SKU-002,1306.06,25,BOGO
2024-03-19,South,SKU-003,4777.96,165,Flash Sale
2024-03-19,South,SKU-004,2951.15,89,Discount
2024-03-19,South,SKU-005,2396.86,42,None
2024-03-19,South,SKU-006,2894.17,80,Flash Sale
2024-03-19,South,SKU-007,1536.92,32,Discount
2024-03-19,South,SKU-008,5941.05,140,None
2024-03-19,South,SKU-009,1189.11,21,None
2024-03-19,South,SKU-010,6723.94,410,Flash Sale
2024-03-19,East,SKU-001,1493.14,21,None
2024-03-19,East,SKU-002,819.92,24,None
2024-03-19,East,SKU-003,4261.99,85,Flash Sale
2024-03-19,East,SKU-004,2343.0,145,None
2024-03-19,East,SKU-005,2536.27,37,Bundle
2024-03-19,East,SKU-006,2092.88,32,Discount
2024-03-19,East,SKU-007,2116.45,32,Flash Sale
2024-03-19,East,SKU-008,6747.21,166,Bundle
2024-03-19,East,SKU-009,1571.4,27,Bundle
2024-03-19,East,SKU-010,4498.88,59,None
2024-03-19,West,SKU-001,1146.14,63,None
2024-03-19,West,SKU-002,602.27,7,None
2024-03-19,West,SKU-003,4658.13,224,Flash Sale
2024-03-19,West,SKU-004,4516.65,90,BOGO
2024-03-19,West,SKU-005,2732.24,38,None
2024-03-19,West,SKU-006,2652.88,149,Discount
2024-03-19,West,SKU-007,1578.49,79,None
2024-03-19,West,SKU-008,8544.58,128,BOGO
2024-03-19,West,SKU-009,2090.86,80,Flash Sale
2024-03-19,West,SKU-010,4088.06,179,None
2024-03-20,North,SKU-001,2586.24,40,BOGO
2024-03-20,North,SKU-002,1410.85,24,Flash Sale
2024-03-20,North,SKU-003,3974.27,68,Discount
2024-03-20,North,SKU-004,3258.48,52,Discount
2024-03-20,North,SKU-005,2727.04,42,Discount
2024-03-20,North,SKU-006,1546.4,22,None
2024-03-20,North,SKU-007,1994.19,31,Discount
2024-03-20,North,SKU-008,7496.1,376,Discount
2024-03-20,North,SKU-009,1298.46,81,Bundle
2024-03-20,North,SKU-010,5467.84,136,Discount
2024-03-20,South,SKU-001,1545.23,54,Bundle
2024-03-20,South,SKU-002,1243.77,35,BOGO
2024-03-20,South,SKU-003,3801.21,54,Bundle
2024-03-20,South,SKU-004,2921.12,99,None
2024-03-20,South,SKU-005,3554.32,80,BOGO
2024-03-20,South,SKU-006,2557.84,93,Discount
2024-03-20,South,SKU-007,1816.93,30,Discount
2024-03-20,South,SKU-008,4266.24,59,None
2024-03-20,South,SKU-009,1086.22,14,None
2024-03-20,South,SKU-010,3586.92,78,None
2024-03-20,East,SKU-001,1726.9,76,Bundle
2024-03-20,East,SKU-002,663.01,23,None
2024-03-20,East,SKU-003,5235.28,109,Flash Sale
2024-03-20,East,SKU-004,2447.2,62,None
2024-03-20,East,SKU-005,2466.4,39,None
2024-03-20,East,SKU-006,2739.52,100,Flash Sale
2024-03-20,East,SKU-007,1389.37,28,None
2024-03-20,East,SKU-008,6505.19,294,Bundle
2024-03-20,East,SKU-009,1282.95,16,None
2024-03-20,East,SKU-010,4685.9,64,Discount
2024-03-20,West,SKU-001,1770.24,35,Discount
2024-03-20,West,SKU-002,877.76,15,Discount
2024-03-20,West,SKU-003,5004.54,231,Flash Sale
2024-03-20,West,SKU-004,3501.62,134,Discount
2024-03-20,West,SKU-005,3060.56,90,Discount
2024-03-20,West,SKU-006,2515.39,119,Discount
2024-03-20,West,SKU-007,1907.17,27,Bundle
2024-03-20,West,SKU-008,6036.55,101,Discount
2024-03-20,West,SKU-009,1060.42,14,None
2024-03-20,West,SKU-010,4687.45,80,None
2024-03-21,North,SKU-001,2504.72,94,Flash Sale
2024-03-21,North,SKU-002,1135.91,43,Discount
2024-03-21,North,SKU-003,2856.52,36,None
2024-03-21,North,SKU-004,2494.28,80,None
2024-03-21,North,SKU-005,1904.47,118,None
2024-03-21,North,SKU-006,2608.76,53,Discount
2024-03-21,North,SKU-007,1475.57,22,None
2024-03-21,North,SKU-008,4578.78,72,None
2024-03-21,North,SKU-009,1569.71,41,Bundle
2024-03-21,North,SKU-010,5900.41,187,Discount
2024-03-21,South,SKU-001,1478.44,38,Bundle
2024-03-21,South,SKU-002,1302.74,19,BOGO
2024-03-21,South,SKU-003,3024.54,50,Bundle
2024-03-21,South,SKU-004,2153.06,51,None
2024-03-21,South,SKU-005,3466.96,143,Discount
2024-03-21,South,SKU-006,1735.12,33,Bundle
2024-03-21,South,SKU-007,2401.04,37,Flash Sale
2024-03-21,South,SKU-008,8123.84,205,Discount
2024-03-21,South,SKU-009,1437.65,19,None
2024-03-21,South,SKU-010,6145.3,85,Bundle
2024-03-21,East,SKU-001,1279.45,21,None
2024-03-21,East,SKU-002,1077.3,25,BOGO
2024-03-21,East,SKU-003,3560.24,201,Discount
2024-03-21,East,SKU-004,4545.56,197,BOGO
2024-03-21,East,SKU-005,3107.1,46,Bundle
2024-03-21,East,SKU-006,2406.31,30,BOGO
2024-03-21,East,SKU-007,2038.17,82,Bundle
2024-03-21,East,SKU-008,5013.07,148,None
2024-03-21,East,SKU-009,1116.81,33,None
2024-03-21,East,SKU-010,4465.26,252,Discount
2024-03-21,West,SKU-001,2234.16,97,Discount
2024-03-21,West,SKU-002,844.12,19,Bundle
2024-03-21,West,SKU-003,2257.35,94,None
2024-03-21,West,SKU-004,3908.73,82,Discount
2024-03-21,West,SKU-005,2750.47,44,None
2024-03-21,West,SKU-006,1968.91,70,None
2024-03-21,West,SKU-007,1226.95,71,None
2024-03-21,West,SKU-008,7148.44,120,BOGO
2024-03-21,West,SKU-009,2231.47,28,Flash Sale
2024-03-21,West,SKU-010,4577.94,61,None
2024-03-22,North,SKU-001,1718.47,39,Discount
2024-03-22,North,SKU-002,1263.54,52,BOGO
2024-03-22,North,SKU-003,3468.81,82,Discount
2024-03-22,North,SKU-004,3229.22,157,Discount
2024-03-22,North,SKU-005,3081.88,78,Bundle
2024-03-22,North,SKU-006,2617.29,53,Flash Sale
2024-03-22,North,SKU-007,2145.67,36,BOGO
2024-03-22,North,SKU-008,7846.68,183,BOGO
2024-03-22,North,SKU-009,2727.85,60,Flash Sale
2024-03-22,North,SKU-010,4679.93,110,None
2024-03-22,South,SKU-001,1477.07,42,None
2024-03-22,South,SKU-002,1017.27,25,Discount
2024-03-22,South,SKU-003,3165.9,45,Discount
2024-03-22,South,SKU-004,2408.71,156,None
2024-03-22,South,SKU-005,3437.02,167,Bundle
2024-03-22,South,SKU-006,2603.73,45,Discount
2024-03-22,South,SKU-007,2223.25,32,BOGO
2024-03-22,South,SKU-008,6949.37,97,Bundle
2024-03-22,South,SKU-009,1328.58,22,None
2024-03-22,South,SKU-010,4274.97,88,None
2024-03-22,East,SKU-001,1568.63,21,Bundle
2024-03-22,East,SKU-002,647.93,18,None
2024-03-22,East,SKU-003,3089.55,55,None
2024-03-22,East,SKU-004,2967.7,197,Discount
2024-03-22,East,SKU-005,2346.46,75,None
2024-03-22,East,SKU-006,1625.74,23,None
2024-03-22,East,SKU-007,1664.61,22,Bundle
2024-03-22,East,SKU-008,6688.32,84,Discount
2024-03-22,East,SKU-009,1928.73,38,Discount
2024-03-22,East,SKU-010,5881.95,106,Bundle
2024-03-22,West,SKU-001,2303.18,140,Flash Sale
2024-03-22,West,SKU-002,793.7,13,None
2024-03-22,West,SKU-003,2765.68,45,None
2024-03-22,West,SKU-004,3474.94,102,Discount
2024-03-22,West,SKU-005,2755.51,58,None
2024-03-22,West,SKU-006,2200.09,36,Discount
2024-03-22,West,SKU-007,1319.7,19,None
2024-03-22,West,SKU-008,4029.17,90,None
2024-03-22,West,SKU-009,1852.39,53,Flash Sale
2024-03-22,West,SKU-010,4201.94,56,Bundle
2024-03-23,North,SKU-001,1672.65,26,None
2024-03-23,North,SKU-002,950.49,37,Discount
2024-03-23,North,SKU-003,4345.38,71,Discount
2024-03-23,North,SKU-004,5743.49,218,Flash Sale
2024-03-23,North,SKU-005,2628.07,42,None
2024-03-23,North,SKU-006,3103.43,43,BOGO
2024-03-23,North,SKU-007,1464.33,22,None
2024-03-23,North,SKU-008,9758.05,502,Discount
2024-03-23,North,SKU-009,1797.34,39,Bundle
2024-03-23,North,SKU-010,4891.59,64,None
2024-03-23,South,SKU-001,2020.53,56,Discount
2024-03-23,South,SKU-002,1397.36,20,BOGO
2024-03-23,South,SKU-003,2702.25,38,None
2024-03-23,South,SKU-004,2684.47,46,None
2024-03-23,South,SKU-005,4262.48,92,Bundle
2024-03-23,South,SKU-006,3291.67,48,Discount
2024-03-23,South,SKU-007,1894.48,26,Discount
2024-03-23,South,SKU-008,12483.57,295,Flash Sale
2024-03-23,South,SKU-009,1199.55,38,None
2024-03-23,South,SKU-010,5405.74,273,None
2024-03-23,East,SKU-001,2826.57,40,BOGO
2024-03-23,East,SKU-002,784.37,12,None
2024-03-23,East,SKU-003,5355.94,94,Flash Sale
2024-03-23,East,SKU-004,3697.66,78,Discount
2024-03-23,East,SKU-005,3481.6,55,Discount
2024-03-23,East,SKU-006,4216.3,62,Flash Sale
2024-03-23,East,SKU-007,1877.02,113,Discount
2024-03-23,East,SKU-008,5253.59,77,None
2024-03-23,East,SKU-009,1372.7,33,None
2024-03-23,East,SKU-010,4444.73,74,None
2024-03-23,West,SKU-001,1929.7,67,Bundle
2024-03-23,West,SKU-002,1098.61,28,Bundle
2024-03-23,West,SKU-003,3702.14,85,None
2024-03-23,West,SKU-004,6568.39,126,Flash Sale
2024-03-23,West,SKU-005,3109.15,90,None
2024-03-23,West,SKU-006,1970.58,107,None
2024-03-23,West,SKU-007,2079.89,30,BOGO
2024-03-23,West,SKU-008,9754.03,311,Discount
2024-03-23,West,SKU-009,1924.88,26,BOGO
2024-03-23,West,SKU-010,5515.65,105,Discount
2024-03-24,North,SKU-001,2276.53,121,Discount
2024-03-24,North,SKU-002,872.77,11,None
2024-03-24,North,SKU-003,4908.52,287,Discount
2024-03-24,North,SKU-004,5167.18,140,Flash Sale
2024-03-24,North,SKU-005,2390.53,47,None
2024-03-24,North,SKU-006,3689.79,63,BOGO
2024-03-24,North,SKU-007,1436.88,72,None
2024-03-24,North,SKU-008,5592.87,285,None
2024-03-24,North,SKU-009,2871.85,52,Flash Sale
2024-03-24,North,SKU-010,5483.05,118,None
2024-03-24,South,SKU-001,1538.86,86,None
2024-03-24,South,SKU-002,843.65,28,None
2024-03-24,South,SKU-003,5140.96,148,BOGO
2024-03-24,South,SKU-004,3404.18,183,Discount
2024-03-24,South,SKU-005,3964.52,55,Discount
2024-03-24,South,SKU-006,2013.0,109,None
2024-03-24,South,SKU-007,3291.59,76,Flash Sale
2024-03-24,South,SKU-008,11549.19,513,Flash Sale
2024-03-24,South,SKU-009,1685.44,21,None
2024-03-24,South,SKU-010,7145.22,191,BOGO
2024-03-24,East,SKU-001,1516.94,72,None
2024-03-24,East,SKU-002,752.59,11,None
2024-03-24,East,SKU-003,3952.35,247,None
2024-03-24,East,SKU-004,4736.55,237,Discount
2024-03-24,East,SKU-005,2724.94,81,None
2024-03-24,East,SKU-006,2964.87,51,BOGO
2024-03-24,East,SKU-007,2697.7,115,Discount
2024-03-24,East,SKU-008,11228.28,489,Flash Sale
2024-03-24,East,SKU-009,1207.95,15,None
2024-03-24,East,SKU-010,6632.6,105,Discount
2024-03-24,West,SKU-001,3142.25,44,BOGO
2024-03-24,West,SKU-002,1191.87,15,Bundle
2024-03-24,West,SKU-003,5307.64,171,Discount
2024-03-24,West,SKU-004,3905.03,77,Discount
2024-03-24,West,SKU-005,2295.22,31,None
2024-03-24,West,SKU-006,2337.31,82,Bundle
2024-03-24,West,SKU-007,1826.24,37,None
2024-03-24,West,SKU-008,9152.01,318,Discount
2024-03-24,West,SKU-009,2536.39,38,BOGO
2024-03-24,West,SKU-010,5654.69,93,None
2024-03-25,North,SKU-001,2168.24,132,Bundle
2024-03-25,North,SKU-002,639.32,12,None
2024-03-25,North,SKU-003,4358.61,212,Discount
2024-03-25,North,SKU-004,4006.0,100,Discount
2024-03-25,North,SKU-005,2665.81,66,None
2024-03-25,North,SKU-006,1461.91,36,None
2024-03-25,North,SKU-007,2577.17,44,Flash Sale
2024-03-25,North,SKU-008,5049.55,134,None
2024-03-25,North,SKU-009,1410.79,22,None
2024-03-25,North,SKU-010,7399.81,100,BOGO
2024-03-25,South,SKU-001,2180.21,58,Discount
2024-03-25,South,SKU-002,1533.29,23,Flash Sale
2024-03-25,South,SKU-003,3091.51,60,None
2024-03-25,South,SKU-004,4011.52,52,Discount
2024-03-25,South,SKU-005,2934.2,47,Bundle
2024-03-25,South,SKU-006,1989.72,50,Discount
2024-03-25,South,SKU-007,1598.56,99,Discount
2024-03-25,South,SKU-008,5800.96,185,Discount
2024-03-25,South,SKU-009,1586.53,39,Discount
2024-03-25,South,SKU-010,5232.0,90,Discount
2024-03-25,East,SKU-001,1199.81,23,None
2024-03-25,East,SKU-002,1277.79,18,BOGO
2024-03-25,East,SKU-003,3525.54,80,Bundle
2024-03-25,East,SKU-004,2654.46,69,Bundle
2024-03-25,East,SKU-005,3140.06,59,Discount
2024-03-25,East,SKU-006,1496.08,27,None
2024-03-25,East,SKU-007,2530.85,58,BOGO
2024-03-25,East,SKU-008,7693.62,233,Discount
2024-03-25,East,SKU-009,1340.66,23,Bundle
2024-03-25,East,SKU-010,4543.45,78,None
2024-03-25,West,SKU-001,1671.94,95,Discount
2024-03-25,West,SKU-002,944.45,53,Bundle
2024-03-25,West,SKU-003,3177.11,51,Discount
2024-03-25,West,SKU-004,4175.39,260,Discount
2024-03-25,West,SKU-005,3785.05,211,BOGO
2024-03-25,West,SKU-006,2161.94,107,Discount
2024-03-25,West,SKU-007,1471.37,73,Bundle
2024-03-25,West,SKU-008,6469.23,165,Discount
2024-03-25,West,SKU-009,1908.0,44,Flash Sale
2024-03-25,West,SKU-010,4747.69,131,Discount
2024-03-26,North,SKU-001,2110.08,50,BOGO
2024-03-26,North,SKU-002,1113.19,14,BOGO
2024-03-26,North,SKU-003,2378.94,132,None
2024-03-26,North,SKU-004,2918.86,175,None
2024-03-26,North,SKU-005,3660.78,75,Discount
2024-03-26,North,SKU-006,3091.41,78,BOGO
2024-03-26,North,SKU-007,1423.12,57,None
2024-03-26,North,SKU-008,5871.35,75,None
2024-03-26,North,SKU-009,1741.19,21,Discount
2024-03-26,North,SKU-010,7633.56,333,Flash Sale
2024-03-26,South,SKU-001,1472.49,25,None
2024-03-26,South,SKU-002,848.19,30,Bundle
2024-03-26,South,SKU-003,4487.94,123,Discount
2024-03-26,South,SKU-004,3577.99,100,BOGO
2024-03-26,South,SKU-005,2507.79,57,None
2024-03-26,South,SKU-006,2949.23,77,Flash Sale
2024-03-26,South,SKU-007,1561.08,27,None
2024-03-26,South,SKU-008,6811.85,161,Discount
2024-03-26,South,SKU-009,1418.39,45,None
2024-03-26,South,SKU-010,8039.86,137,Flash Sale
2024-03-26,East,SKU-001,2210.74,59,Discount
2024-03-26,East,SKU-002,586.15,13,None
2024-03-26,East,SKU-003,2836.7,50,None
2024-03-26,East,SKU-004,4069.57,56,Discount
2024-03-26,East,SKU-005,2017.7,47,None
2024-03-26,East,SKU-006,2343.38,100,Bundle
2024-03-26,East,SKU-007,1517.81,91,None
2024-03-26,East,SKU-008,5940.4,251,None
2024-03-26,East,SKU-009,2675.17,70,Flash Sale
2024-03-26,East,SKU-010,8108.48,264,Flash Sale
2024-03-26,West,SKU-001,1675.56,22,Discount
2024-03-26,West,SKU-002,1167.62,21,BOGO
2024-03-26,West,SKU-003,2283.62,30,None
2024-03-26,West,SKU-004,3792.96,67,Bundle
2024-03-26,West,SKU-005,4050.4,88,Flash Sale
2024-03-26,West,SKU-006,1796.42,28,None
2024-03-26,West,SKU-007,1152.75,74,None
2024-03-26,West,SKU-008,8500.03,191,BOGO
2024-03-26,West,SKU-009,1891.56,39,BOGO
2024-03-26,West,SKU-010,6523.72,306,Discount
2024-03-27,North,SKU-001,1971.5,108,Discount
2024-03-27,North,SKU-002,1222.7,30,Flash Sale
2024-03-27,North,SKU-003,3252.41,183,None
2024-03-27,North,SKU-004,3410.92,103,Discount
2024-03-27,North,SKU-005,3128.04,93,BOGO
2024-03-27,North,SKU-006,1503.57,32,None
2024-03-27,North,SKU-007,2163.55,64,Discount
2024-03-27,North,SKU-008,8313.42,129,Discount
2024-03-27,North,SKU-009,1809.76,74,Discount
2024-03-27,North,SKU-010,5653.96,117,Discount
2024-03-27,South,SKU-001,1145.05,15,None
2024-03-27,South,SKU-002,791.11,11,Discount
2024-03-27,South,SKU-003,2609.34,78,None
2024-03-27,South,SKU-004,5203.43,106,Flash Sale
2024-03-27,South,SKU-005,2778.16,125,Bundle
2024-03-27,South,SKU-006,1606.46,37,None
2024-03-27,South,SKU-007,1564.81,65,Discount
2024-03-27,South,SKU-008,7598.09,336,Discount
2024-03-27,South,SKU-009,2174.73,34,BOGO
2024-03-27,South,SKU-010,6042.09,166,Discount
2024-03-27,East,SKU-001,2056.87,36,BOGO
2024-03-27,East,SKU-002,762.24,21,None
2024-03-27,East,SKU-003,2679.64,35,None
2024-03-27,East,SKU-004,3513.05,68,BOGO
2024-03-27,East,SKU-005,2746.28,49,None
2024-03-27,East,SKU-006,1966.1,49,Discount
2024-03-27,East,SKU-007,2004.58,62,Discount
2024-03-27,East,SKU-008,4936.22,181,None
2024-03-27,East,SKU-009,1438.59,51,Bundle
2024-03-27,East,SKU-010,4669.4,66,None
2024-03-27,West,SKU-001,1583.97,81,Discount
2024-03-27,West,SKU-002,1068.39,60,Discount
2024-03-27,West,SKU-003,4028.99,71,Discount
2024-03-27,West,SKU-004,3701.66,79,Discount
2024-03-27,West,SKU-005,2679.89,38,None
2024-03-27,West,SKU-006,2454.75,52,Discount
2024-03-27,West,SKU-007,2643.67,52,Flash Sale
2024-03-27,West,SKU-008,5831.55,261,Discount
2024-03-27,West,SKU-009,1642.23,37,Discount
2024-03-27,West,SKU-010,5898.21,261,Discount
2024-03-28,North,SKU-001,2170.65,37,Bundle
2024-03-28,North,SKU-002,1215.15,19,BOGO
2024-03-28,North,SKU-003,4065.8,57,Bundle
2024-03-28,North,SKU-004,5117.98,303,Flash Sale
2024-03-28,North,SKU-005,3268.96,44,Discount
2024-03-28,North,SKU-006,2573.28,39,Flash Sale
2024-03-28,North,SKU-007,2005.81,48,Discount
2024-03-28,North,SKU-008,6263.9,196,Bundle
2024-03-28,North,SKU-009,1099.68,17,None
2024-03-28,North,SKU-010,6674.6,371,BOGO
2024-03-28,South,SKU-001,1769.38,33,Bundle
2024-03-28,South,SKU-002,714.14,10,None
2024-03-28,South,SKU-003,3246.2,59,None
2024-03-28,South,SKU-004,3414.92,68,BOGO
2024-03-28,South,SKU-005,2609.61,125,None
2024-03-28,South,SKU-006,3062.27,47,BOGO
2024-03-28,South,SKU-007,1421.98,29,None
2024-03-28,South,SKU-008,8059.96,101,BOGO
2024-03-28,South,SKU-009,2634.15,88,Flash Sale
2024-03-28,South,SKU-010,4605.82,126,None
2024-03-28,East,SKU-001,2018.67,64,Discount
2024-03-28,East,SKU-002,573.36,35,None
2024-03-28,East,SKU-003,2754.65,41,None
2024-03-28,East,SKU-004,2162.12,62,None
2024-03-28,East,SKU-005,3430.71,57,Discount
2024-03-28,East,SKU-006,1493.46,64,None
2024-03-28,East,SKU-007,2702.12,114,Flash Sale
2024-03-28,East,SKU-008,7960.66,398,Discount
2024-03-28,East,SKU-009,1860.8,29,Flash Sale
2024-03-28,East,SKU-010,3316.01,62,None
2024-03-28,West,SKU-001,2354.73,43,Flash Sale
2024-03-28,West,SKU-002,1097.87,25,Discount
2024-03-28,West,SKU-003,2535.13,56,None
2024-03-28,West,SKU-004,2269.7,39,None
2024-03-28,West,SKU-005,2876.99,67,Bundle
2024-03-28,West,SKU-006,2729.77,53,Discount
2024-03-28,West,SKU-007,1590.6,26,Bundle
2024-03-28,West,SKU-008,6626.72,83,Discount
2024-03-28,West,SKU-009,2718.65,42,Flash Sale
2024-03-28,West,SKU-010,3880.47,73,None
2024-03-29,North,SKU-001,1354.02,45,None
2024-03-29,North,SKU-002,1115.95,50,BOGO
2024-03-29,North,SKU-003,3595.87,53,Discount
2024-03-29,North,SKU-004,2100.42,80,None
2024-03-29,North,SKU-005,3139.48,153,Bundle
2024-03-29,North,SKU-006,3267.16,71,Flash Sale
2024-03-29,North,SKU-007,1543.87,32,Discount
2024-03-29,North,SKU-008,8725.56,236,Flash Sale
2024-03-29,North,SKU-009,987.3,16,None
2024-03-29,North,SKU-010,8633.12,266,Flash Sale
2024-03-29,South,SKU-001,2178.46,32,Discount
2024-03-29,South,SKU-002,846.75,14,Bundle
2024-03-29,South,SKU-003,4336.74,93,BOGO
2024-03-29,South,SKU-004,2928.24,68,None
2024-03-29,South,SKU-005,2212.24,34,None
2024-03-29,South,SKU-006,1656.1,72,None
2024-03-29,South,SKU-007,1827.81,23,Discount
2024-03-29,South,SKU-008,5732.92,121,None
2024-03-29,South,SKU-009,1348.63,18,Bundle
2024-03-29,South,SKU-010,7213.96,210,Flash Sale
2024-03-29,East,SKU-001,3214.79,52,Flash Sale
2024-03-29,East,SKU-002,994.46,18,Discount
2024-03-29,East,SKU-003,4517.23,175,BOGO
2024-03-29,East,SKU-004,3541.03,125,Discount
2024-03-29,East,SKU-005,3753.67,119,BOGO
2024-03-29,East,SKU-006,1888.66,51,Bundle
2024-03-29,East,SKU-007,1159.17,18,None
2024-03-29,East,SKU-008,5191.05,123,Bundle
2024-03-29,East,SKU-009,1197.7,15,None
2024-03-29,East,SKU-010,3658.26,134,None
2024-03-29,West,SKU-001,1433.31,39,None
2024-03-29,West,SKU-002,739.19,13,None
2024-03-29,West,SKU-003,2588.32,50,None
2024-03-29,West,SKU-004,3290.82,206,Discount
2024-03-29,West,SKU-005,2965.33,43,Discount
2024-03-29,West,SKU-006,3227.17,92,Flash Sale
2024-03-29,West,SKU-007,2986.07,58,Flash Sale
2024-03-29,West,SKU-008,5778.54,232,Discount
2024-03-29,West,SKU-009,1547.47,48,Discount
2024-03-29,West,SKU-010,3365.3,68,None
2024-03-30,North,SKU-001,3000.65,46,Flash Sale
2024-03-30,North,SKU-002,1403.49,22,Discount
2024-03-30,North,SKU-003,3795.31,250,Bundle
2024-03-30,North,SKU-004,5033.72,240,Discount
2024-03-30,North,SKU-005,2395.05,52,None
2024-03-30,North,SKU-006,1832.28,25,None
2024-03-30,North,SKU-007,1373.48,20,None
2024-03-30,North,SKU-008,12071.48,332,Flash Sale
2024-03-30,North,SKU-009,1303.59,32,None
2024-03-30,North,SKU-010,9763.78,256,Flash Sale
2024-03-30,South,SKU-001,2744.32,37,BOGO
2024-03-30,South,SKU-002,1398.15,18,Discount
2024-03-30,South,SKU-003,5016.04,72,Discount
2024-03-30,South,SKU-004,3893.87,58,Bundle
2024-03-30,South,SKU-005,2858.31,66,None
2024-03-30,South,SKU-006,2748.27,38,BOGO
2024-03-30,South,SKU-007,2315.06,61,Bundle
2024-03-30,South,SKU-008,10028.21,195,Flash Sale
2024-03-30,South,SKU-009,1940.43,72,Discount
2024-03-30,South,SKU-010,4169.63,108,None
2024-03-30,East,SKU-001,1903.06,54,Discount
2024-03-30,East,SKU-002,983.7,13,None
2024-03-30,East,SKU-003,3444.7,200,None
2024-03-30,East,SKU-004,4448.66,108,Discount
2024-03-30,East,SKU-005,3557.75,190,Discount
2024-03-30,East,SKU-006,2258.02,29,None
2024-03-30,East,SKU-007,2080.74,45,Bundle
2024-03-30,East,SKU-008,4859.38,287,None
2024-03-30,East,SKU-009,1574.03,59,None
2024-03-30,East,SKU-010,3955.03,57,None
2024-03-30,West,SKU-001,1393.51,24,None
2024-03-30,West,SKU-002,782.03,11,None
2024-03-30,West,SKU-003,5519.34,199,Discount
2024-03-30,West,SKU-004,2805.92,47,None
2024-03-30,West,SKU-005,5180.87,199,BOGO
2024-03-30,West,SKU-006,3175.18,41,BOGO
2024-03-30,West,SKU-007,2950.8,50,Flash Sale
2024-03-30,West,SKU-008,4923.18,71,None
2024-03-30,West,SKU-009,1587.6,77,None
2024-03-30,West,SKU-010,5046.96,92,Bundle
2024-03-31,North,SKU-001,2798.23,44,Flash Sale
2024-03-31,North,SKU-002,780.99,15,None
2024-03-31,North,SKU-003,3094.09,59,None
2024-03-31,North,SKU-004,3086.82,68,None
2024-03-31,North,SKU-005,3260.7,121,None
2024-03-31,North,SKU-006,1723.7,32,None
2024-03-31,North,SKU-007,1778.23,26,None
2024-03-31,North,SKU-008,8805.0,196,Discount
2024-03-31,North,SKU-009,1879.61,31,Discount
2024-03-31,North,SKU-010,7303.8,115,Discount
2024-03-31,South,SKU-001,1948.34,32,Discount
2024-03-31,South,SKU-002,770.11,14,None
2024-03-31,South,SKU-003,5588.8,205,Flash Sale
2024-03-31,South,SKU-004,3666.33,107,Discount
2024-03-31,South,SKU-005,3289.64,70,Bundle
2024-03-31,South,SKU-006,2963.85,52,BOGO
2024-03-31,South,SKU-007,2364.15,39,Bundle
2024-03-31,South,SKU-008,4855.89,70,None
2024-03-31,South,SKU-009,2382.79,45,Flash Sale
2024-03-31,South,SKU-010,8467.39,125,Flash Sale
2024-03-31,East,SKU-001,2094.57,34,Discount
2024-03-31,East,SKU-002,989.11,15,Discount
2024-03-31,East,SKU-003,4103.81,128,Discount
2024-03-31,East,SKU-004,3027.68,54,None
2024-03-31,East,SKU-005,3108.45,58,Bundle
2024-03-31,East,SKU-006,3235.03,55,BOGO
2024-03-31,East,SKU-007,1492.63,68,None
2024-03-31,East,SKU-008,10945.5,705,BOGO
2024-03-31,East,SKU-009,2736.27,74,Flash Sale
2024-03-31,East,SKU-010,4153.06,108,None
2024-03-31,West,SKU-001,1671.93,61,None
2024-03-31,West,SKU-002,824.19,14,None
2024-03-31,West,SKU-003,6856.71,149,Flash Sale
2024-03-31,West,SKU-004,3793.41,96,Discount
2024-03-31,West,SKU-005,4438.57,108,BOGO
2024-03-31,West,SKU-006,2342.86,32,None
2024-03-31,West,SKU-007,1556.02,23,None
2024-03-31,West,SKU-008,11746.39,457,Flash Sale
2024-03-31,West,SKU-009,1700.11,23,None
2024-03-31,West,SKU-010,7846.35,151,Discount
